"","Politician","Chng_FEBtoMay","Som_App","Str_App","Som_Dis","Str_Dis","DK"
"289","Gov. Brian Kemp  (GA)",-21.7416647749469,28.2967845659164,15.8395498392283,17.4202572347267,23.8868167202572,14.5729903536977
"158","Rep. Ilhan Omar  (D - MN)",-20.312617012617,24.7582417582418,16.5769230769231,11.6428571428571,29.3901098901099,17.6868131868132
"369","Rep. Jody Hice  (R - GA)",-17.8639162025757,23.5443786982249,4.27218934911243,11.9644970414201,12.905325443787,47.3846153846154
"25","Rep. Gilbert Cisneros  (D - CA)",-17.0710151108945,18.6875,11.9886363636364,14.2329545454545,16.7045454545455,38.4318181818182
"456","Sen. Kevin Cramer  (R - ND)",-16.6065827376507,23.0164835164835,10.6483516483516,16.010989010989,27.3186813186813,22.9835164835165
"374","Sen. Kelly Loeffler  (R - GA)",-15.2256244038985,21.0225080385852,8.87909967845659,11.2337620578778,21.6726688102894,37.5318327974277
"20","Rep. Anna Eshoo  (D - CA)",-15.1268721615615,29.3101265822785,8.75949367088608,15.6518987341772,11.9873417721519,34.2848101265823
"364","Rep. A. Ferguson  (R - GA)",-14.8249946943973,19.3984375,8.6875,11.734375,8.9609375,51.421875
"24","Rep. Eric Swalwell  (D - CA)",-14.8197392148703,14.2777777777778,11.6604938271605,14.9444444444444,9.59259259259259,49.4382716049383
"545","Rep. Rob Bishop  (R - UT)",-14.1509511858588,20.4497354497354,15.021164021164,10.9259259259259,23.2010582010582,30.3280423280423
"191","Rep. Steven Horsford  (D - NV)",-13.7031485671192,16.9747899159664,9.43977591036415,8.00840336134454,29.7198879551821,35.843137254902
"324","Rep. Mo Brooks  (R - AL)",-13.6967690721312,24.088785046729,9.6588785046729,16.0700934579439,17.2429906542056,32.9579439252336
"514","Rep. Scott DesJarlais  (R - TN)",-13.6437113066145,20.6636363636364,9.23636363636364,13.6818181818182,13.3045454545455,42.8136363636364
"55","Rep. Salud Carbajal  (D - CA)",-13.4427572129148,19,10.2805755395683,16.7553956834532,11.8848920863309,41.9496402877698
"196","Rep. Alexandria Ocasio-Cortez  (D - NY)",-13.4267063492064,26.2171428571429,22.1142857142857,8.66857142857143,19.8742857142857,22.9771428571429
"346","Rep. Scott Tipton  (R - CO)",-13.1204406296307,21.1191489361702,8.37872340425532,25.8,11.4595744680851,33.263829787234
"88","Rep. Lois Frankel  (D - FL)",-12.7166225879126,22.6907630522088,13.3694779116466,16.0160642570281,15.281124497992,32.7389558232932
"54","Rep. Ro Khanna  (D - CA)",-12.2626008337394,28.7517730496454,12.4255319148936,13.4397163120567,15.3475177304965,30.0709219858156
"501","Rep. Ralph Norman  (R - SC)",-12.04186599056,21.9230769230769,13.3076923076923,15.4375,14.0673076923077,35.5096153846154
"361","Rep. W. Steube  (R - FL)",-11.6427004219409,22.0474683544304,16.5917721518987,13.0506329113924,11.0379746835443,37.2025316455696
"425","Rep. Pete Stauber  (R - MN)",-11.5971209513378,22.7831325301205,14.0481927710843,16.2409638554217,11.4939759036145,35.4759036144578
"454","Rep. Kelly Armstrong  (R - ND)",-11.463213859352,23.9337016574586,8.96132596685083,11.9060773480663,17.1933701657459,37.9116022099447
"81","Rep. Charlie Crist  (D - FL)",-11.3136215397456,29.3230240549828,13.4639175257732,20.9621993127148,16.3092783505155,19.9312714776632
"186","Rep. Debra Haaland  (D - NM)",-10.9411158208271,21.448275862069,18.4679802955665,12.6847290640394,26.0098522167488,21.2266009852217
"353","Rep. John Rutherford  (R - FL)",-9.91184772132727,21.5046296296296,18.5,13.662037037037,15.0555555555556,31.4490740740741
"102","Rep. Cynthia Axne  (D - IA)",-9.8503245405487,24.7945205479452,9.9041095890411,14.3561643835616,18.0502283105023,32.9041095890411
"41","Rep. Katie Porter  (D - CA)",-9.65197934595525,16.2408163265306,16.3551020408163,10.5877551020408,31.0938775510204,25.6204081632653
"334","Rep. David Schweikert  (R - AZ)",-9.50807525807525,18.5757575757576,8.05681818181818,14.5075757575758,11.9810606060606,46.7348484848485
"393","Rep. Trey Hollingsworth  (R - IN)",-9.4049752729928,25.0454545454545,15.7148760330579,14.2727272727273,13.1074380165289,31.8925619834711
"185","Rep. Ben Lujan  (D - NM)",-9.32970095768981,16.6974789915966,24.9075630252101,13.0504201680672,16.218487394958,29.0924369747899
"375","Rep. Steve King  (R - IA)",-9.13274613879694,28.0305676855895,9.86026200873362,11.8296943231441,29.3318777292576,21.0524017467249
"227","Rep. Suzanne Bonamici  (D - OR)",-9.0290096082779,29.4186991869919,14.0040650406504,8.35365853658537,20.4390243902439,27.760162601626
"366","Rep. Barry Loudermilk  (R - GA)",-8.99214817105647,22.9540229885057,10.7126436781609,8.81226053639847,7.83908045977011,49.7701149425287
"47","Rep. Mike Levin  (D - CA)",-8.784539356312,22.9537572254335,8.60115606936416,14.1907514450867,10.8554913294798,43.5202312138728
"83","Rep. Debbie Mucarsel-Powell  (D - FL)",-8.60506584854834,30.727626459144,13.2918287937743,12.8793774319066,9.4124513618677,33.9105058365759
"371","Rep. Rob Woodall  (R - GA)",-8.47407256449358,24.8736059479554,12.0966542750929,7,11.4386617100372,44.4721189591078
"255","Rep. Lloyd Doggett  (D - TX)",-8.43348982785603,15.7989417989418,13.6825396825397,12.4603174603175,12.2433862433862,45.7460317460317
"288","Gov. Ron DeSantis  (FL)",-8.12323319218394,29.7888946414704,26.3771680041419,15.2390629044784,15.6255500906032,13.2152472171887
"448","Rep. Patrick McHenry  (R - NC)",-8.07428259513412,23.292576419214,11.4061135371179,13.8733624454148,12.0174672489083,39.4017467248908
"101","Rep. Abby Finkenauer  (D - IA)",-7.93422773771592,25.3532338308458,12.4129353233831,20.5572139303483,13.9701492537313,27.7661691542289
"93","Rep. Henry Johnson  (D - GA)",-7.8421052631579,21.4298245614035,8.82456140350877,14.609649122807,5.98684210526316,49.1271929824561
"263","Rep. Abigail Spanberger  (D - VA)",-7.79098679810537,19.7834101382488,16.0921658986175,16.2857142857143,17.5299539170507,30.3133640552995
"236","Rep. Matthew Cartwright  (D - PA)",-7.77754422637712,30.5535168195719,10.0152905198777,17.3241590214067,13.8715596330275,28.2354740061162
"21","Rep. Barbara Lee  (D - CA)",-7.75698924731183,15.3851851851852,40.7851851851852,12.162962962963,10.6962962962963,21.037037037037
"452","Sen. Richard Burr  (R - NC)",-7.67369782214156,25.8673684210526,7.02631578947368,15.9256140350877,19.8775438596491,31.5084210526316
"553","Rep. Dan Newhouse  (R - WA)",-7.50666666666667,25.2971428571429,4.69142857142857,15.9771428571429,14.5657142857143,39.3828571428571
"321","Rep. Gary Palmer  (R - AL)",-7.50239316239317,25.4102564102564,12.8051282051282,10.1230769230769,13.1435897435897,38.6564102564103
"429","Rep. Blaine Luetkemeyer  (R - MO)",-7.10610607636309,25.1417322834646,11.2716535433071,15.5629921259843,12.6338582677165,35.2992125984252
"428","Rep. Billy Long  (R - MO)",-7.06422200987419,26.4673913043478,16.8442028985507,12.9347826086957,16.9492753623188,26.6847826086957
"11","Rep. Ann Kirkpatrick  (D - AZ)",-6.93200060293176,27.3949579831933,8.02801120448179,12.5182072829132,15.2156862745098,36.7731092436975
"15","Rep. Tom O'Halleran  (D - AZ)",-6.85657329789409,22.0111940298507,7.54477611940298,8.28358208955224,8.69402985074627,53.4328358208955
"345","Rep. Ken Buck  (R - CO)",-6.81859070464767,25.1438127090301,8.27759197324415,11.7692307692308,20.0434782608696,34.6622073578595
"358","Rep. Ross Spano  (R - FL)",-6.78256838201205,20.4905660377358,13.6729559748428,12.8993710691824,8.59748427672956,44.2327044025157
"172","Rep. Albio Sires  (D - NJ)",-6.62393033323266,28.1686046511628,16.703488372093,12.8313953488372,5.51744186046512,36.5813953488372
"188","Sen. Martin Heinrich  (D - NM)",-6.53751698013993,23.984555984556,17.4034749034749,14.1177606177606,19.5984555984556,24.7104247104247
"344","Rep. Doug Lamborn  (R - CO)",-6.51592938311688,21.3571428571429,14.9642857142857,13.5616883116883,18.5714285714286,31.4383116883117
"261","Rep. Ben McAdams  (D - UT)",-6.46647300895667,27.6617647058824,15.5294117647059,10.2450980392157,15.5833333333333,30.8333333333333
"129","Rep. Richard Neal  (D - MA)",-6.43981585837394,23.7289719626168,15.1168224299065,7.99065420560748,15.4953271028037,37.9719626168224
"398","Rep. Steven Watkins  (R - KS)",-6.41914335664336,18.3413461538462,8.09134615384615,13.7788461538462,15.8173076923077,43.8221153846154
"373","Sen. David Perdue  (R - GA)",-6.29399809415352,26.9353697749196,14.5070739549839,11.9668810289389,16.1906752411576,30.3340836012862
"56","Rep. Scott Peters  (D - CA)",-6.12012578616352,33.6603773584906,12.6037735849057,12.8679245283019,7.28301886792453,33.3867924528302
"535","Rep. Pete Olson  (R - TX)",-5.97421950252139,18.7044025157233,13.8176100628931,13.1446540880503,11.8050314465409,42.3396226415094
"187","Rep. Xochitl Torres Small  (D - NM)",-5.72672033637575,19.7035175879397,19.3768844221106,12.78391959799,24.1507537688442,24.0502512562814
"265","Rep. Elaine Luria  (D - VA)",-5.62349799732977,19.5046728971963,17.2570093457944,16.0981308411215,20.9299065420561,26.392523364486
"96","Rep. Sanford Bishop  (D - GA)",-5.61726065074907,16.60546875,14.16796875,12.8125,13.76171875,42.453125
"27","Rep. Harley Rouda  (D - CA)",-5.42222981326046,21.6382978723404,10.9521276595745,12.2553191489362,20.9255319148936,34.0957446808511
"534","Rep. Michael McCaul  (R - TX)",-5.28304195804196,25.6454545454545,10.1272727272727,14.4590909090909,8.94090909090909,40.9454545454545
"240","Rep. David Cicilline  (D - RI)",-5.26519933554817,27.3428571428571,21.8571428571429,5.83571428571429,23.9928571428571,20.8
"322","Rep. Martha Roby  (R - AL)",-5.26348815388224,32.1326530612245,9.54081632653061,14.1887755102041,14.1734693877551,29.8520408163265
"103","Rep. David Loebsack  (D - IA)",-5.1910952151684,25.0268817204301,5.41397849462366,14.1612903225806,12.9354838709677,42.5376344086022
"84","Rep. Debbie Wasserman Schultz  (D - FL)",-5.15295853269537,24.6290909090909,16.7563636363636,13.2945454545455,21.9127272727273,23.4945454545455
"432","Rep. Vicky Hartzler  (R - MO)",-4.98313257380065,20.9130434782609,16.1545893719807,8.11594202898551,14.5652173913043,40.231884057971
"85","Rep. Donna Shalala  (D - FL)",-4.95858193340109,33.5116279069767,9.77209302325581,15.846511627907,18.7813953488372,21.9441860465116
"127","Rep. Katherine Clark  (D - MA)",-4.93313572757979,27.1966292134831,15.8595505617978,8.32022471910112,3.12921348314607,45.3258426966292
"64","Rep. Diana DeGette  (D - CO)",-4.82887181874612,23.1117318435754,15.3966480446927,8.59217877094972,16.3631284916201,36.608938547486
"349","Rep. Brian Mast  (R - FL)",-4.82256686997861,22.7178423236515,19.4273858921162,19.0912863070539,11.6597510373444,26.8589211618257
"293","Gov. Kim Reynolds  (IA)",-4.58691372032102,29.2302070645554,14.4019488428745,19.4811205846529,25.6626065773447,11.3568818514007
"335","Rep. Debbie Lesko  (R - AZ)",-4.58204448071822,18.7103448275862,22.6620689655172,9.40689655172414,12.9724137931034,36.1862068965517
"234","Rep. Madeleine Dean  (D - PA)",-4.56029455081002,25.5927835051546,9.58247422680412,9.4020618556701,15.4020618556701,39.9432989690722
"529","Rep. Lance Gooden  (R - TX)",-4.49707238358691,10.2166666666667,17.5555555555556,5.67222222222222,7.22777777777778,59.4166666666667
"357","Rep. Neal Dunn  (R - FL)",-4.28201428571429,28.1964285714286,15.7321428571429,8.13839285714286,7.76339285714286,40.1607142857143
"396","Rep. Roger Marshall  (R - KS)",-4.25549356867131,21.251497005988,14.6526946107784,9.8562874251497,20.7065868263473,33.3892215568862
"434","Sen. Roy Blunt  (R - MO)",-4.24801735355167,26.8356681034483,10.9434267241379,15.1266163793103,18.8900862068966,28.1427801724138
"89","Rep. Stephanie Murphy  (D - FL)",-4.08076342404451,27.1166077738516,15.9717314487633,14.2720848056537,9.21554770318021,33.321554770318
"359","Rep. Ted Yoho  (R - FL)",-4.00293774481207,25.3767605633803,14.2464788732394,6.8169014084507,13.8802816901408,39.5915492957746
"538","Rep. Ron Wright  (R - TX)",-3.94079163601646,22.6629834254144,7.25414364640884,7.89502762430939,9.0110497237569,52.7513812154696
"486","Sen. James Inhofe  (R - OK)",-3.88608290665046,25.7693236714976,14.7765700483092,13.7657004830918,15.9057971014493,29.8913043478261
"530","Rep. Louie Gohmert  (R - TX)",-3.87426556991774,18.3586956521739,30.7880434782609,11.0163043478261,13.8695652173913,26.1141304347826
"189","Sen. Tom Udall  (D - NM)",-3.85573332294644,23.457528957529,18.1428571428571,13.6621621621622,20.2567567567568,24.3957528957529
"427","Rep. Ann Wagner  (R - MO)",-3.69813791096887,27.1383928571429,15.3839285714286,15.59375,14.7142857142857,27.1830357142857
"9","Rep. Terri Sewell  (D - AL)",-3.56998999348782,20.9221556886228,9.92215568862276,9.87425149700599,9.47904191616766,49.7125748502994
"470","Rep. Bill Johnson  (R - OH)",-3.30081877729258,19.1541666666667,9.575,15.2125,7.5875,48.1416666666667
"256","Rep. Marc Veasey  (D - TX)",-3.27595177201315,24.4971428571429,7.46857142857143,9.94857142857143,12.6,45.4514285714286
"320","Rep. Bradley Byrne  (R - AL)",-3.27306547619047,19.7916666666667,19.0138888888889,16.9444444444444,8.25694444444444,36.0625
"262","Rep. A. McEachin  (D - VA)",-3.23390319715808,15.1029411764706,15.7022058823529,8.80882352941176,12.5588235294118,47.9117647058824
"238","Rep. Susan Wild  (D - PA)",-3.09531124613092,18.6538461538462,14.7972027972028,11.3601398601399,15.041958041958,40.1398601398601
"368","Rep. Doug Collins  (R - GA)",-3.05726058539358,23.5458937198068,24.8599033816425,11.6714975845411,7.28502415458937,32.6763285024155
"230","Rep. Brendan Boyle  (D - PA)",-2.88053336449008,22.8908296943231,10.7598253275109,11.7292576419214,9.9825327510917,44.5589519650655
"164","Sen. Jon Tester  (D - MT)",-2.83100189712567,20.299674267101,21.1530944625407,14.6449511400651,24.8794788273616,18.9250814332248
"145","Rep. Andy Levin  (D - MI)",-2.82610738323579,24.9710144927536,11.5410628019324,14.6714975845411,12.5990338164251,36.2850241545894
"474","Rep. Jim Jordan  (R - OH)",-2.79084967320261,19.6811594202899,21.6123188405797,9.40579710144928,15.2210144927536,34.25
"411","Rep. Ralph Abraham  (R - LA)",-2.64809572692112,32.6393442622951,15.3825136612022,6.30054644808743,10.0601092896175,35.6612021857923
"119","Rep. Andre Carson  (D - IN)",-2.60385800997871,26.2745098039216,19.9764705882353,11.8039215686275,16.443137254902,25.2823529411765
"190","Rep. Dina Titus  (D - NV)",-2.50851531969393,23.4675675675676,16.2162162162162,14.4216216216216,11.6297297297297,34.1
"556","Rep. F. Sensenbrenner  (R - WI)",-2.36224297302395,22.6854838709677,16.1612903225806,12.5766129032258,17.9072580645161,30.625
"67","Rep. Joe Neguse  (D - CO)",-2.30779412287247,14.3177966101695,11.8389830508475,9.8093220338983,9.91101694915254,54.2754237288136
"527","Rep. Kenny Marchant  (R - TX)",-2.18319936184573,18.6651162790698,13.3906976744186,10.3395348837209,14.2372093023256,43.493023255814
"314","Gov. Kevin Stitt  (OK)",-2.13502498109372,32.6944444444444,18.0205314009662,16.4867149758454,12.5797101449275,19.7958937198068
"205","Rep. Jerrold Nadler  (D - NY)",-2.13184268605955,31.1501501501502,14.4234234234234,10.7507507507508,6.71771771771772,36.8918918918919
"378","Rep. Michael Simpson  (R - ID)",-2.12043574608541,31.9521531100478,9.94736842105263,14.799043062201,9.93301435406699,33.4784688995215
"377","Sen. Joni Ernst  (R - IA)",-2.11765445773421,22.074299634592,11.4750304506699,15.6248477466504,27.2655298416565,23.5493300852619
"304","Gov. Steve Bullock  (MT)",-2.07412750116333,27.8631921824104,24.6579804560261,16.7361563517915,14.0162866449511,16.6221498371336
"351","Rep. Francis Rooney  (R - FL)",-1.946247493971,28.9173228346457,11.4448818897638,9.61023622047244,12.248031496063,37.6377952755906
"493","Rep. Guy Reschenthaler  (R - PA)",-1.91184391250367,20.9841897233202,6.95652173913043,11.3083003952569,13.5533596837945,47.197628458498
"492","Rep. Glenn Thompson  (R - PA)",-1.90661425241121,17.8435114503817,11.8854961832061,16.1412213740458,10.9045801526718,43.1793893129771
"490","Rep. Daniel Meuser  (R - PA)",-1.75766254478475,20.960113960114,9.3019943019943,10.0541310541311,8.37037037037037,51.4102564102564
"39","Rep. Julia Brownley  (D - CA)",-1.71435908724044,20.8246753246753,25.8766233766234,12.2727272727273,4.51298701298701,36.487012987013
"48","Rep. Mike Thompson  (D - CA)",-1.59095378564405,25.1212121212121,16.1464646464646,6.85353535353535,7.63636363636364,44.3535353535354
"389","Rep. James Baird  (R - IN)",-1.49360296801909,25.1549295774648,9.97183098591549,13.1830985915493,10.9906103286385,40.6760563380282
"137","Rep. David Trone  (D - MD)",-1.45213582141266,24.5842696629213,15.3483146067416,11.4325842696629,10.1966292134831,38.4157303370786
"433","Sen. Joshua Hawley  (R - MO)",-1.28092945529102,25.9461206896552,16.3372844827586,11.4946120689655,16.8162715517241,29.3620689655172
"451","Rep. Virginia Foxx  (R - NC)",-1.27833412811954,25.3390557939914,17.8755364806867,15.5278969957082,14.1502145922747,27.3175965665236
"108","Rep. Daniel Lipinski  (D - IL)",-1.18577507598784,27.7142857142857,12.0628571428571,18.2342857142857,12.5371428571429,29.5314285714286
"192","Rep. Susie Lee  (D - NV)",-1.14734299516908,26.3560606060606,12.7247474747475,11.1338383838384,17.9520202020202,31.8585858585859
"502","Rep. Tom Rice  (R - SC)",-0.98456331045004,28.4526315789474,18.5894736842105,16.1649122807018,11.9894736842105,25.0175438596491
"407","Sen. Rand Paul  (R - KY)",-0.980979569171513,26.2697456492637,12.3326639892905,15.3855421686747,21.1265060240964,24.8755020080321
"554","Rep. Jaime Herrera Beutler  (R - WA)",-0.915002560163849,21.9928315412186,14.1827956989247,11.9032258064516,15.4731182795699,36.2688172043011
"421","Rep. Justin Amash  (R - MI)",-0.702380952380953,22.2083333333333,13.9940476190476,20.6130952380952,12.9583333333333,30.2857142857143
"376","Sen. Charles Grassley  (R - IA)",-0.684161416145466,26.4957369062119,14.2021924482339,14.8818514007308,22.747868453106,21.7161997563946
"440","Rep. Greg Gianforte  (R - MT)",-0.680647840531561,19.6478405315615,19.5980066445183,8.54485049833887,23.4352159468439,28.4485049833887
"422","Rep. Paul Mitchell  (R - MI)",-0.513619878688056,23.1502145922747,5.94420600858369,11.3862660944206,11.2789699570815,48.2403433476395
"51","Rep. Norma Torres  (D - CA)",-0.501057522277315,21.046357615894,2.33112582781457,9.34437086092715,19.9006622516556,47.4966887417219
"496","Rep. Mike Kelly  (R - PA)",-0.496006815592235,25.3542435424354,16.8081180811808,13.4833948339483,17.8081180811808,26.830258302583
"504","Sen. Lindsey Graham  (R - SC)",-0.430691488214515,26.6807187284036,21.8956461644782,12.1458189357291,23.7505183137526,15.3248099516241
"489","Rep. Brian Fitzpatrick  (R - PA)",-0.375459908652622,32.53125,9.15178571428571,18.2098214285714,9.26785714285714,30.6919642857143
"275","Rep. Derek Kilmer  (D - WA)",-0.333698095350767,24.1635514018692,17.7570093457944,8.70560747663551,12.4252336448598,36.8878504672897
"511","Rep. David Roe  (R - TN)",-0.26771255060729,28.2796052631579,13.9868421052632,9.02631578947368,7.53618421052632,41.0953947368421
"381","Sen. Michael Crapo  (R - ID)",-0.260176666404547,28.8456790123457,12.0679012345679,12.320987654321,10.7119341563786,36.179012345679
"28","Rep. J. Correa  (D - CA)",-0.194814568065732,21.7280701754386,15.8245614035088,12.6491228070175,19.2280701754386,30.4649122807018
"138","Rep. Jamie Raskin  (D - MD)",-0.152214553501953,26.8388625592417,17.6255924170616,9.09004739336493,10.8720379146919,35.6492890995261
"326","Sen. Richard Shelby  (R - AL)",0.00721359995789328,28.6575963718821,13.4867724867725,13.5064247921391,12.3469387755102,32.0430839002268
"355","Rep. Matt Gaetz  (R - FL)",0.022025176717765,25.6494845360825,23.0360824742268,6.9639175257732,21.639175257732,22.7164948453608
"356","Rep. Michael Waltz  (R - FL)",0.0887254901960777,20.45,14.4555555555556,6.91944444444444,10.2527777777778,47.6916666666667
"546","Sen. Mike Lee  (R - UT)",0.149549920490683,29.8732394366197,15.2647887323944,9.73521126760563,16.7295774647887,28.6
"252","Rep. Henry Cuellar  (D - TX)",0.154255319148937,29.8111111111111,14.5388888888889,12.5666666666667,7.7,35.3166666666667
"453","Sen. Thom Tillis  (R - NC)",0.330016636418634,25.6252631578947,9.64491228070175,14.3115789473684,19.679298245614,30.759649122807
"392","Rep. Susan Brooks  (R - IN)",0.361254736612539,27.8994974874372,8.9748743718593,14.3467336683417,10.0452261306533,38.78391959799
"568","Gov. Henry McMaster  (SC)",0.386566882869058,37.2591568762958,20.7145818935729,15.2536281962681,13.4312370421562,13.2252937111265
"248","Rep. Al Green  (D - TX)",0.389341692789972,26.2545454545455,14.0424242424242,8.46060606060606,7.21818181818182,43.7333333333333
"559","Sen. Ron Johnson  (R - WI)",0.463294931930731,25.6169607285145,11.3403528742174,12.8508821855435,19.8201479795105,30.3238474672738
"31","Rep. Jerry McNerney  (D - CA)",0.471124089048621,24.1367924528302,7.16509433962264,12.8207547169811,8.00471698113208,47.8349056603774
"3","Gov. Kay Ivey  (AL)",0.499182665069149,38.7883597883598,19.6220710506425,15.3741496598639,12.2108843537415,14.1655328798186
"125","Rep. James McGovern  (D - MA)",0.575803787012331,26.1693989071038,20.551912568306,11.0491803278689,10.9180327868852,31.2568306010929
"95","Rep. Lucy McBath  (D - GA)",0.692417915336119,23.5932203389831,15.4858757062147,15.4011299435028,13.683615819209,31.9604519774011
"468","Rep. Tom Reed  (R - NY)",0.693563438276428,17.2741312741313,10.949806949807,15.4864864864865,18.4864864864865,38.0733590733591
"539","Rep. Van Taylor  (R - TX)",0.711701127819552,29.1666666666667,15.46875,10.2083333333333,5.5625,39.71875
"372","Rep. Tom Graves  (R - GA)",0.89914089347079,25.4791666666667,11.9125,7.91666666666667,11.9916666666667,42.4708333333333
"505","Sen. Tim Scott  (R - SC)",0.904538374909395,27.0069108500346,23.9612992398065,12.0331720801659,13.3317208016586,23.6109191430546
"285","Sen. Tammy Baldwin  (D - WI)",0.910531491984987,23.762094479226,18.5167899829254,11.4183266932271,21.5071143995447,24.8434832100171
"441","Sen. Steve Daines  (R - MT)",0.921816945269713,27.0488599348534,21.2638436482085,14.0553745928339,16.1530944625407,21.6254071661238
"402","Rep. Garland Barr  (R - KY)",0.949565135186235,9.78455284552846,10.0650406504065,6.83739837398374,11.6382113821138,61.3943089430894
"111","Rep. Jesus Garcia  (D - IL)",0.961160532589106,27.0816326530612,13.156462585034,10.7278911564626,6.71428571428571,42.578231292517
"532","Rep. Michael Burgess  (R - TX)",1.04112554112554,22.5045454545455,10.7136363636364,16.3227272727273,9.90909090909091,40.4227272727273
"144","Rep. Jared Golden  (D - ME)",1.09897640664861,35.0725388601036,9.1139896373057,16.8704663212435,11.4663212435233,27.2020725388601
"531","Rep. Mac Thornberry  (R - TX)",1.13172088798047,21.3157894736842,23.7719298245614,7.26900584795322,11.9005847953216,35.8479532163743
"122","Rep. John Yarmuth  (D - KY)",1.18442636360662,24.3718411552347,16.9819494584838,12.8231046931408,15.2057761732852,30.4981949458484
"194","Sen. Jacky Rosen  (D - NV)",1.19126211010557,25.1262848751836,13.0220264317181,10.9530102790015,19.6358296622614,31.3619676945668
"399","Sen. Jerry Moran  (R - KS)",1.23955240208796,28.173564753004,10.5500667556742,16.1201602136182,12.3137516688919,32.6769025367156
"92","Rep. David Scott  (D - GA)",1.27269468882372,23.2616487455197,13.6917562724014,10.0465949820789,10.6129032258065,42.3512544802867
"400","Sen. Pat Roberts  (R - KS)",1.29464555490561,26.0400534045394,9.61148197596796,15.347129506008,17.4138851802403,31.9172229639519
"494","Rep. John Joyce  (R - PA)",1.29471690145801,25.8533834586466,10.9097744360902,9.49624060150376,13.9924812030075,39.6503759398496
"515","Rep. Tim Burchett  (R - TN)",1.35650738801929,32.6275303643725,13.2753036437247,16.0364372469636,11.2105263157895,27.0971659919028
"401","Rep. Brett Guthrie  (R - KY)",1.53371636638767,18.3533834586466,16.7669172932331,11.8609022556391,8.8609022556391,44.1503759398496
"533","Rep. Michael Cloud  (R - TX)",1.54198992786171,25.4354838709677,10.0483870967742,7.15591397849462,11.3387096774194,45.6612903225806
"153","Sen. Gary Peters  (D - MI)",1.56984499520648,24.7542220625225,15.5925260510241,12.7416457060726,15.3093783686669,31.6119295724039
"541","Sen. John Cornyn  (R - TX)",1.57691155970869,26.5552122296308,14.6414051065214,10.6745812327208,13.1665311432753,34.6940966010733
"68","Sen. Michael Bennet  (D - CO)",1.59577564463615,29.0329605650383,11.4449676280165,12.8216597998823,14.927015891701,31.6344908769865
"214","Rep. Thomas Suozzi  (D - NY)",1.61408763545803,22.4397590361446,15.6144578313253,14.1686746987952,12.8915662650602,35.2469879518072
"82","Rep. Darren Soto  (D - FL)",1.64406353938089,29.6048192771084,13.5373493975904,15.433734939759,10.3301204819277,31.0048192771084
"558","Rep. Mike Gallagher  (R - WI)",1.73103458802699,23.6475409836066,12.3606557377049,12.2950819672131,10.8852459016393,40.7008196721311
"487","Sen. James Lankford  (R - OK)",1.79908299343342,25.225845410628,18.4142512077295,12.7826086956522,13.1811594202899,30.43961352657
"509","Rep. Charles Fleischmann  (R - TN)",1.83607288998111,30.8683274021352,10.8220640569395,14.8078291814947,7.29893238434164,35.7829181494662
"455","Sen. John Hoeven  (R - ND)",1.83948575696149,33.0274725274725,21.0659340659341,15.3461538461538,10,20.6263736263736
"58","Rep. Ted Lieu  (D - CA)",1.91898218061008,21.9480519480519,20.9025974025974,9.80844155844156,7.91558441558442,39.487012987013
"155","Rep. Betty McCollum  (D - MN)",1.96456256921373,27.2916666666667,14.1190476190476,9.08928571428571,7.72023809523809,41.7559523809524
"200","Rep. Carolyn Maloney  (D - NY)",2.01683501683502,32.9195804195804,20.9265734265734,10.7447552447552,5.1013986013986,30.4300699300699
"410","Rep. Mike Johnson  (R - LA)",2.09734762979684,29.3452380952381,13.672619047619,8.73214285714286,6.91071428571429,41.4404761904762
"279","Rep. Suzan DelBene  (D - WA)",2.15054743284597,21.3988439306358,12.6647398843931,12.849710982659,7.01156069364162,46.150289017341
"367","Rep. Buddy Carter  (R - GA)",2.17770655270655,29.7361111111111,14.4027777777778,9.76388888888889,8.74537037037037,37.2685185185185
"363","Sen. Rick Scott  (R - FL)",2.23653589052337,25.3511519544396,21.6907843644836,12.5022003624126,22.3554232461817,18.1167486409526
"193","Sen. Catherine Cortez Masto  (D - NV)",2.23939821011236,26.9779735682819,14.1718061674009,10.2665198237885,19.2364170337739,29.3898678414097
"79","Rep. Al Lawson  (D - FL)",2.2743585336509,25.2047781569966,14.6279863481229,10.542662116041,7.49488054607509,42.320819112628
"444","Rep. George Holding  (R - NC)",2.27562431799384,19.298755186722,5.02489626556017,13.8298755186722,14.5933609958506,47.3526970954357
"90","Rep. Theodore Deutch  (D - FL)",2.28504278237753,23.705223880597,20.5261194029851,9.67537313432836,7.34328358208955,38.8432835820896
"105","Rep. Bobby Rush  (D - IL)",2.29028318997253,25.4291845493562,13.3862660944206,15.1115879828326,13.9742489270386,32.0042918454936
"382","Rep. Adam Kinzinger  (R - IL)",2.30336089144501,23.5576923076923,11.6346153846154,26.2740384615385,11.8317307692308,26.6346153846154
"450","Rep. Ted Budd  (R - NC)",2.34788558101902,22.1800766283525,12.1609195402299,14.9386973180077,11.8773946360153,38.7088122605364
"66","Rep. Jason Crow  (D - CO)",2.35395801719777,27.1958333333333,13.8291666666667,10.0416666666667,11.7416666666667,37
"542","Sen. Ted Cruz  (R - TX)",2.36116100388088,24.5953813628232,21.1057082452431,11.56789721906,19.8365587900472,23.0435843226541
"571","Gov. Gregory Abbott  (TX)",2.3650997320275,30.8355830216295,26.4070580582208,13.9338103756708,11.9970726947471,16.6405919661734
"526","Rep. Kay Granger  (R - TX)",2.73542825589005,27.1780104712042,13.8219895287958,13.2356020942408,11.9371727748691,33.7539267015707
"201","Rep. Eliot Engel  (D - NY)",2.76008602570996,27.9658536585366,13.9707317073171,12.009756097561,8.42926829268293,37.5024390243902
"337","Sen. Martha McSally  (R - AZ)",2.78915282561987,23.2152140672783,14.6452599388379,15.0844801223242,24.618501529052,22.3990825688073
"1","Pres. Donald J. Trump",2.79065815131921,20.0413641459937,23.3907714413228,11.8347393514537,38.2558372429708,6.55480205079082
"316","Gov. Tom Wolf  (PA)",2.83032764002741,34.759584295612,19.2321016166282,15.7856812933025,19.8515011547344,10.3057736720554
"528","Rep. Kevin Brady  (R - TX)",2.89442927015181,25.2832369942197,22.5953757225434,9.09826589595376,10.2485549132948,33
"258","Rep. Sylvia Garcia  (D - TX)",2.99356983596114,23.3913043478261,13.5465838509317,15.7950310559006,3.24223602484472,44.3416149068323
"520","Rep. Chip Roy  (R - TX)",3.03247908161203,12.2797202797203,16.3076923076923,10.5524475524476,12.6643356643357,48.1818181818182
"543","Rep. Chris Stewart  (R - UT)",3.0685791525632,26.8993710691824,11.4276729559748,10.3899371069182,7.15094339622642,44.3962264150943
"146","Rep. Brenda Lawrence  (D - MI)",3.24214618529,24.4674556213018,20.4437869822485,10.4023668639053,7.4792899408284,37.1538461538462
"217","Sen. Kirsten Gillibrand  (D - NY)",3.27291102679457,27.3722241202597,12.8867441065938,12.5141783395969,15.0871199180048,31.8947728049197
"235","Rep. Mary Scanlon  (D - PA)",3.33516423853045,30.6837209302326,7.64651162790698,12.3441860465116,10.4232558139535,38.7860465116279
"347","Sen. Cory Gardner  (R - CO)",3.34829922749468,25.9011183048852,11.6391995291348,17.116539140671,20.8769864626251,24.3855208946439
"42","Rep. Linda Sanchez  (D - CA)",3.36983866557288,25.8768115942029,12.7898550724638,3.35507246376812,10.6304347826087,47.3768115942029
"104","Rep. Bill Foster  (D - IL)",3.40229103383658,21.1614906832298,15.4844720496894,11.8385093167702,14.8260869565217,36.8136645962733
"128","Rep. Lori Trahan  (D - MA)",3.47797352362803,24.9579439252336,16.7616822429907,13.018691588785,7.20560747663551,38.1728971962617
"231","Rep. Chrissy Houlahan  (D - PA)",3.577734272326,27.8743961352657,10.7632850241546,10.2463768115942,5.68599033816425,45.512077294686
"500","Rep. Joe Wilson  (R - SC)",3.58967343336275,30.3045454545455,20.5863636363636,12.8681818181818,13.2136363636364,22.8136363636364
"435","Rep. Michael Guest  (R - MS)",3.68241551939924,25.1276595744681,17.0744680851064,7.1436170212766,16.1702127659574,34.5265957446809
"182","Rep. Tom Malinowski  (D - NJ)",3.73423254398864,27.9317073170732,13.7756097560976,17.4292682926829,7.96585365853659,32.8829268292683
"338","Rep. Devin Nunes  (R - CA)",3.74962735055802,21.0284360189573,25.3317535545024,19.1563981042654,16.436018957346,18.0995260663507
"239","Sen. Robert Casey  (D - PA)",3.76038309265792,28.5357967667436,11.2325635103926,13.9461893764434,13.8812933025404,32.1346420323326
"517","Sen. Marsha Blackburn  (R - TN)",3.80721092562172,23.535083291267,21.434628975265,10.8303886925795,19.3801110550227,24.9227662796567
"417","Rep. Bill Huizenga  (R - MI)",3.80832680421346,21.9246031746032,10.218253968254,10.1944444444444,15.2936507936508,42.3650793650794
"134","Sen. Elizabeth Warren  (D - MA)",3.81832607177125,25.7621330137807,21.877171959257,11.4104254044338,26.0898741761534,14.8711803475135
"536","Rep. Randy Weber  (R - TX)",3.97361103064712,24.7378048780488,12.6646341463415,11.0731707317073,6.97560975609756,44.530487804878
"387","Rep. Greg Pence  (R - IN)",3.9766081871345,24.5146198830409,15.3859649122807,4.85964912280702,16.7309941520468,38.4327485380117
"310","Gov. Michelle Lujan Grisham  (NM)",4.0407937211216,26.1621621621622,27.034749034749,14.7895752895753,21.6042471042471,10.523166023166
"159","Sen. Amy Klobuchar  (D - MN)",4.06580633549111,28.2399678972713,26.8049759229534,11.8250401284109,17.3780096308186,15.6998394863563
"437","Rep. Trent Kelly  (R - MS)",4.06718052738336,33.7034482758621,10.8275862068966,11,6.78620689655172,37.8965517241379
"362","Sen. Marco Rubio  (R - FL)",4.08750199314832,28.0630339114678,20.5513849339891,14.1150660108724,17.6891017344033,19.4725601863836
"259","Rep. Veronica Escobar  (D - TX)",4.15330166157372,27.9839572192513,20.9572192513369,8.58288770053476,19.9572192513369,22.3636363636364
"442","Rep. Dan Bishop  (R - NC)",4.17132478186811,28.52466367713,5.37219730941704,7.34080717488789,15.2645739910314,43.3542600896861
"354","Rep. Mario Diaz-Balart  (R - FL)",4.19419019798767,34.0801687763713,13.7257383966245,18.2827004219409,10.2700421940928,23.3670886075949
"118","Sen. Tammy Duckworth  (D - IL)",4.24942185048383,23.609503003823,19.3776624795194,11.6529219006008,18.0797378481704,27.290278536319
"566","Sen. Michael Enzi  (R - WY)",4.25073874597174,31.9640718562874,26.9520958083832,13.0119760479042,6.88622754491018,21.2994011976048
"206","Rep. Jose Serrano  (D - NY)",4.26390171630878,32.4366197183099,9.47417840375587,11.5915492957746,4.25821596244131,42.18779342723
"216","Sen. Charles Schumer  (D - NY)",4.39299969554653,29.1096686026648,16.6492996241886,11.3616330714042,19.8747864707892,22.9303040655962
"391","Rep. Larry Bucshon  (R - IN)",4.50244461420932,27.1680672268908,9.77310924369748,11.1344537815126,9.55882352941176,42.5588235294118
"148","Rep. Debbie Dingell  (D - MI)",4.58061224489796,27.3316326530612,26.1785714285714,9.98979591836735,16.0867346938776,20.1785714285714
"328","Rep. Eric Crawford  (R - AR)",4.58178802954923,28.2676767676768,9.3989898989899,9.03030303030303,4.21212121212121,49.1161616161616
"445","Rep. Gregory Murphy  (R - NC)",4.74359948939344,19.6902654867257,15.3495575221239,9.2212389380531,5.27433628318584,50.4646017699115
"414","Sen. John Kennedy  (R - LA)",4.74935678152231,25.4101068999028,21.8697764820214,10.2993197278912,10.7803692905734,32.0505344995141
"431","Rep. Sam Graves  (R - MO)",4.8506105006105,31.3714285714286,12.652380952381,16.8809523809524,8.9952380952381,30.0714285714286
"544","Rep. John Curtis  (R - UT)",4.85757610656839,31.1988304093567,13.9181286549708,7.94152046783626,4.26315789473684,42.6432748538012
"379","Rep. Russ Fulcher  (R - ID)",4.90999332392116,28.1804511278195,13.2556390977444,10.2556390977444,8.17293233082707,40.2067669172932
"557","Rep. Glenn Grothman  (R - WI)",4.97781078610603,21.1541666666667,13.825,10.7416666666667,12.15,42.575
"30","Rep. Jared Huffman  (D - CA)",5.01821062896148,19.2214285714286,20.1857142857143,7.90714285714286,9.93571428571429,42.6714285714286
"208","Rep. Kathleen Rice  (D - NY)",5.03151136267635,29.0337078651685,14.1067415730337,18.3820224719101,10.1404494382022,28.5505617977528
"438","Sen. Cindy Hyde-Smith  (R - MS)",5.03929103089685,23.4189383070301,18.0301291248207,10.5882352941176,20.0100430416069,28.0789096126255
"340","Rep. Ken Calvert  (R - CA)",5.10644007155635,23.375,12.6634615384615,8.76923076923077,14.1538461538462,41.1394230769231
"498","Sen. Patrick Toomey  (R - PA)",5.11387478956763,30.4674364896074,7.95935334872979,15.7046189376443,14.2325635103926,31.7445727482679
"395","Sen. Todd Young  (R - IN)",5.11766119263559,26.1534473820632,13.8206324520477,10.6148263348885,11.2446863659927,38.1607050285122
"495","Rep. Lloyd Smucker  (R - PA)",5.13842505069948,27.1744680851064,12.7404255319149,13.0085106382979,10.9957446808511,35.9659574468085
"62","Sen. Dianne Feinstein  (D - CA)",5.16569946970124,26.7506805121484,16.7741707833451,12.2893436838391,17.0104849279161,26.8867829418288
"404","Rep. James Comer  (R - KY)",5.19027277797495,30.3429752066116,9.27685950413223,11.2685950413223,9.39256198347107,39.7231404958678
"564","Rep. Liz Cheney  (R - WY)",5.2348370069889,27.2151898734177,33.1139240506329,8.89240506329114,14.126582278481,16.7658227848101
"292","Sen. Bernard Sanders  (I - VT)",5.24534808535096,24.5870967741935,42.7741935483871,3.72903225806452,13.9548387096774,14.8322580645161
"499","Rep. Jeff Duncan  (R - SC)",5.25612745098039,25.4588235294118,17.9647058823529,8.09411764705882,17.9941176470588,30.5470588235294
"336","Rep. Paul Gosar  (R - AZ)",5.42287337894252,24.3890410958904,12.0767123287671,8.85753424657534,10.4958904109589,44.2164383561644
"294","Gov. Brad Little  (ID)",5.44470656077167,42.4341563786008,18.5720164609053,13.4855967078189,5.19547325102881,20.1111111111111
"508","Sen. Mike Rounds  (R - SD)",5.47027526532441,32.9303482587065,17.5373134328358,13.1940298507463,17.8258706467662,18.4129353233831
"61","Rep. Zoe Lofgren  (D - CA)",5.48206865401988,30.4512195121951,19.0548780487805,5.6219512195122,7.73170731707317,37.1768292682927
"443","Rep. David Rouzer  (R - NC)",5.54321669997024,23.2558139534884,11.3488372093023,7.12558139534884,8.99069767441861,49.3720930232558
"525","Rep. K. Conaway  (R - TX)",5.55936103966427,25.4879518072289,13.6325301204819,5.16265060240964,7.49397590361446,48.210843373494
"547","Sen. Mitt Romney  (R - UT)",5.55966464107224,31.3901408450704,15.6154929577465,14.4676056338028,19.0816901408451,19.587323943662
"510","Rep. David Kustoff  (R - TN)",5.58648744251857,21.9358288770053,20.3262032085561,9.25668449197861,12.8235294117647,35.4117647058824
"380","Sen. James Risch  (R - ID)",5.61630101439019,29.8621399176955,12.3271604938272,11.0761316872428,10.3539094650206,36.3106995884774
"512","Rep. John Rose  (R - TN)",5.617648504251,23.1223628691983,18.8565400843882,6.45147679324895,3.73839662447257,47.8438818565401
"209","Rep. Max Rose  (D - NY)",5.6192795414724,35.6726457399103,13.9730941704036,13.3183856502242,11.2511210762332,25.7354260089686
"561","Rep. Carol Miller  (R - WV)",5.65017161594802,29.5068493150685,6.23287671232877,11.4748858447489,9.94520547945205,42.9680365296804
"169","Rep. Chris Pappas  (D - NH)",5.65503875968992,33.9767441860465,19.7209302325581,9.93604651162791,9.77325581395349,26.6279069767442
"160","Sen. Tina Smith  (D - MN)",5.66788040796697,26.4438202247191,14.822632423756,10.1508828250401,16.4943820224719,31.8186195826645
"524","Rep. John Ratcliffe  (R - TX)",5.68233353075557,19.7405660377358,28.4669811320755,5.89622641509434,11.1603773584906,34.938679245283
"563","Sen. Shelley Capito  (R - WV)",5.69181634002708,31.6866359447005,15.2657450076805,13.4869431643625,13.4239631336406,26.0030721966206
"516","Sen. Lamar Alexander  (R - TN)",5.70357069716579,32.7405350832913,13.44724886421,15.6486622917718,11.7708228167592,26.3372034326098
"113","Rep. Mike Quigley  (D - IL)",5.70610164436672,35.0149253731343,9.96019900497512,10.6716417910448,8.50746268656716,35.6666666666667
"143","Rep. Chellie Pingree  (D - ME)",5.70832686033867,29.5426829268293,17.2073170731707,12.9024390243902,17.5914634146341,22.8658536585366
"179","Rep. Jefferson Van Drew  (D - NJ)",5.72201480767797,22.851711026616,13.5475285171103,13.4448669201521,13.5551330798479,36.4638783269962
"439","Sen. Roger Wicker  (R - MS)",5.75097491975798,27.0975609756098,16.1147776183644,10.6083213773314,12.8895265423242,33.2467718794835
"523","Rep. John Carter  (R - TX)",5.78590059839248,25.6839378238342,19.880829015544,7.71502590673575,9.32124352331606,37.6580310880829
"540","Rep. Will Hurd  (R - TX)",5.79949494949495,31.4055555555556,8.16111111111111,14.0777777777778,8.46666666666667,37.7055555555556
"408","Rep. Clay Higgins  (R - LA)",5.80010246693991,16.1658031088083,18.9481865284974,9.7979274611399,10.0103626943005,44.9378238341969
"403","Rep. Harold Rogers  (R - KY)",5.8236656782802,31.6232394366197,15.1443661971831,11.1478873239437,5.75,36.2640845070423
"250","Rep. Eddie Johnson  (D - TX)",5.91483803552769,21.1727272727273,19.1818181818182,16.0636363636364,5.88181818181818,37.8636363636364
"219","Rep. Marcia Fudge  (D - OH)",5.96311568649756,24.3305084745763,22.4915254237288,7.30508474576271,14.8474576271186,30.978813559322
"10","Sen. Doug Jones  (D - AL)",5.98018007020766,23.2305366591081,14.7936507936508,13.8503401360544,18.8185941043084,29.3038548752834
"91","Rep. Val Demings  (D - FL)",5.9991553109822,27.2354570637119,21.4792243767313,13.983379501385,15.1357340720222,22.1108033240997
"465","Rep. John Katko  (R - NY)",6,29.028,11.012,18.472,14.528,27.028
"40","Rep. Karen Bass  (D - CA)",6.06493506493506,24.0287081339713,18.2153110047847,11.3684210526316,7.39712918660287,38.7846889952153
"140","Rep. Steny Hoyer  (D - MD)",6.09893160214359,31.962962962963,15.2222222222222,11.6402116402116,11.1269841269841,30.1322751322751
"142","Sen. Chris Van Hollen  (D - MD)",6.19448839795339,29.4472843450479,16.0006389776358,9.47476038338658,9.89329073482428,35.2485623003195
"430","Rep. Jason Smith  (R - MO)",6.23364313710272,32.7602739726027,16.6678082191781,7.57876712328767,9.24315068493151,33.6164383561644
"167","Rep. George Butterfield  (D - NC)",6.2903546469596,22.5165876777251,10.2511848341232,6.04265402843602,11.9241706161137,49.1137440758294
"241","Rep. James Langevin  (D - RI)",6.32683732452518,17.757225433526,20.4393063583815,13.8554913294798,15.242774566474,32.7976878612717
"266","Rep. Gerald Connolly  (D - VA)",6.33239171374765,27.6111111111111,14.358024691358,8.85185185185185,12.8950617283951,36.4567901234568
"277","Rep. Pramila Jayapal  (D - WA)",6.38747781517184,27.9043824701195,23.8525896414343,11.0358565737052,16.2948207171315,20.800796812749
"365","Rep. Austin Scott  (R - GA)",6.40729038480726,23.785046728972,21.4672897196262,6.62616822429906,7.03738317757009,40.8130841121495
"477","Rep. Steve Chabot  (R - OH)",6.43299543794773,32.4524886877828,13.5927601809955,11.4072398190045,16.552036199095,26.1990950226244
"352","Rep. Gus Bilirakis  (R - FL)",6.4415735076988,28.7299465240642,15.2112299465241,14.4946524064171,11.5374331550802,29.9893048128342
"109","Rep. Danny Davis  (D - IL)",6.45080368385966,34.9158415841584,14.3465346534653,9.12871287128713,14.3910891089109,27.0742574257426
"268","Rep. Robert Scott  (D - VA)",6.46173819321967,19.7928571428571,20.1642857142857,9.97142857142857,10.3785714285714,39.7321428571429
"317","Rep. Don Young  (R - AK)",6.47047808308175,24.6861313868613,22.1021897810219,8.78832116788321,21.5766423357664,23.029197080292
"229","Sen. Ron Wyden  (D - OR)",6.48303059003935,27.9325490196078,21.9741176470588,10.6196078431373,15.1890196078431,24.4243137254902
"318","Sen. Dan Sullivan  (R - AK)",6.52951039098274,25.1137724550898,20.4071856287425,15.0958083832335,14.8862275449102,24.4431137724551
"141","Sen. Benjamin Cardin  (D - MD)",6.60662107819917,31.3067092651757,16.8453674121406,8.69712460063898,10.667731629393,32.4830670926518
"406","Sen. Mitch McConnell  (R - KY)",6.65995533986891,26.0769745649264,13.710843373494,13.7677376171352,30.3152610441767,16.0850066934404
"133","Sen. Edward Markey  (D - MA)",6.67453202878608,36.0802875973637,16.6590772917915,9.44038346315159,11.4403834631516,26.4691431995207
"35","Rep. John Garamendi  (D - CA)",6.72614116329958,31.6697674418605,14.5720930232558,7.14418604651163,9.32558139534884,37.1953488372093
"278","Rep. Rick Larsen  (D - WA)",6.81048543362146,28.0456621004566,18.6712328767123,6.89954337899543,10.1415525114155,36.0958904109589
"183","Sen. Cory Booker  (D - NJ)",6.91734019823284,26.8692679002414,20.4046661303298,10.5953338696702,20.5442477876106,21.5120675784393
"107","Rep. Cheri Bustos  (D - IL)",6.95921568627451,31.8156862745098,11.521568627451,10.5098039215686,19.2549019607843,26.8705882352941
"210","Rep. Nita Lowey  (D - NY)",7.06504531375473,26.570652173913,17.875,13.2391304347826,11.5108695652174,30.6032608695652
"484","Rep. Markwayne Mullin  (R - OK)",7.08426220806794,24.2165605095541,12.2292993630573,11.5541401273885,9.28662420382166,42.6050955414013
"152","Sen. Debbie Stabenow  (D - MI)",7.08936839248542,24.3151275601868,21.0833632770392,12.201581027668,18.4434063959756,24.2396694214876
"46","Rep. Maxine Waters  (D - CA)",7.13283995938452,29.3364055299539,20.3133640552995,6.99539170506912,12.6359447004608,30.6359447004608
"180","Rep. Josh Gottheimer  (D - NJ)",7.13804574163837,25.8923766816144,19.8295964125561,14.5605381165919,10.6457399103139,29.1748878923767
"413","Sen. Bill Cassidy  (R - LA)",7.22812897919547,29.1885325558795,18.6433430515063,11.3819241982507,8.3955296404276,32.1078717201166
"370","Rep. Rick Allen  (R - GA)",7.2630890052356,25.1826923076923,12.1057692307692,11.1875,10.3509615384615,41.3605769230769
"469","Rep. Anthony Gonzalez  (R - OH)",7.26527707516998,20.4618834080717,11.6367713004484,5.55156950672646,11.3946188340807,50.7892376681614
"124","Rep. Ayanna Pressley  (D - MA)",7.30483119173595,27.1111111111111,21.5740740740741,6.29012345679012,9.74074074074074,35.3024691358025
"507","Sen. John Thune  (R - SD)",7.54030970849319,34.363184079602,19.5870646766169,13.9253731343284,15.3532338308458,16.6766169154229
"327","Rep. Bruce Westerman  (R - AR)",7.56301272984441,23.0918367346939,12.7244897959184,7.19897959183673,7.29591836734694,49.8469387755102
"251","Rep. Filemon Vela  (D - TX)",7.69187065462319,18.7445255474453,16.1532846715328,12.5109489051095,16.956204379562,35.6277372262774
"325","Rep. Robert Aderholt  (R - AL)",7.72182468694097,36.9646464646465,12.0808080808081,7.13131313131313,11.4141414141414,32.5505050505051
"281","Sen. Patty Murray  (D - WA)",7.73784316323662,24.9324875396466,23.7594019030358,9.45038513819665,15.1758042591754,27.0067965564114
"99","Sen. Brian Schatz  (D - HI)",7.78060738251737,34.3798449612403,13.5839793281654,9.83720930232558,12.6666666666667,29.7571059431525
"174","Rep. Bill Pascrell  (D - NJ)",7.83110565110565,25.08,17.975,6.255,11.62,39.035
"249","Rep. Colin Allred  (D - TX)",7.85969498910676,26.6732026143791,15.7254901960784,12.6601307189542,8.4640522875817,36.2352941176471
"270","Sen. Timothy Kaine  (D - VA)",7.87649299618168,26.4235193864508,17.6109927567107,11.2334895611419,18.3604601619088,26.3067746058798
"343","Rep. Tom McClintock  (R - CA)",7.92910880033499,21.8819875776398,11.9192546583851,14.1614906832298,24.9937888198758,27.1055900621118
"244","Rep. James Clyburn  (D - SC)",7.94563909774436,23.4971428571429,18.9828571428571,9.65142857142857,16.2171428571429,31.8114285714286
"177","Rep. Donald Payne  (D - NJ)",8.02354900778266,27.2100456621005,8.27397260273973,9.15068493150685,7.17351598173516,48.1689497716895
"519","Rep. Brian Babin  (R - TX)",8.0570986060919,22.7589743589744,17.1589743589744,2.37435897435897,6.35897435897436,51.3641025641026
"17","Rep. Adam Schiff  (D - CA)",8.11144941847707,19.1989247311828,31.0161290322581,11.4193548387097,12.6612903225806,25.8010752688172
"331","Sen. John Boozman  (R - AR)",8.11872374387175,30.0388349514563,12.993932038835,9.59830097087379,8.64320388349515,38.8883495145631
"339","Rep. Doug LaMalfa  (R - CA)",8.11939106626781,28.6871165644172,14.3067484662577,12.7668711656442,25.1840490797546,19.1840490797546
"570","Gov. Bill Lee  (TN)",8.15310456305627,39.3977788995457,21.3144876325088,13.2453306410904,10.3028773346795,15.8379606259465
"415","Rep. Andy Harris  (R - MD)",8.18852140077821,29.175,16.525,9.015,13.335,31.905
"267","Rep. Jennifer Wexton  (D - VA)",8.27383822150797,26.5263157894737,14.8508771929825,12.6447368421053,15.3771929824561,30.2631578947368
"424","Rep. Jim Hagedorn  (R - MN)",8.30779220779221,29.5454545454545,7.8961038961039,9.94805194805195,9.87662337662338,42.9415584415584
"32","Rep. Jim Costa  (D - CA)",8.35773491111471,30.1658291457286,8.79396984924623,10.4673366834171,12.4723618090452,37.9849246231156
"273","Rep. Adam Smith  (D - WA)",8.43184606804239,31.9693251533742,15.6748466257669,5.29447852760736,9.47239263803681,37.5337423312883
"286","Sen. Joe Manchin  (D - WV)",8.45681079397738,27.9600614439324,14.3748079877112,22.9354838709677,17.258064516129,17.7173579109063
"110","Rep. Janice Schakowsky  (D - IL)",8.49390625,24.07421875,19.60546875,8.28125,9.14453125,38.796875
"360","Rep. Vern Buchanan  (R - FL)",8.50501744703173,27.6728624535316,17.7769516728625,9.82156133828996,11.6171003717472,33.1412639405204
"394","Sen. Mike Braun  (R - IN)",8.56534351918862,29.244167962675,14.2623120787973,10.9885951270088,11.66355624676,33.9580093312597
"522","Rep. Jodey Arrington  (R - TX)",8.60363934127923,20.6758620689655,16.5655172413793,12.7586206896552,9.19310344827586,40.7931034482759
"576","Gov. Tony Evers  (WI)",8.67902794950466,31.5907797381901,21.9954467842914,14.1138303927149,19.1297666476949,13.3426294820717
"397","Rep. Ron Estes  (R - KS)",8.72251241310824,27.3018867924528,10.3066037735849,11.4764150943396,11.8537735849057,38.9575471698113
"269","Sen. Mark Warner  (D - VA)",8.75099194798477,30.046016190882,17.9407754580315,11.0242863229655,15.3830421815083,25.4013634426928
"385","Rep. Mike Bost  (R - IL)",8.75585657370518,24.275,8.035,15.39,10.2,42.14
"537","Rep. Roger Williams  (R - TX)",8.8629813418023,21.05,11.0454545454545,7.15454545454545,10.9272727272727,49.7227272727273
"131","Rep. Stephen Lynch  (D - MA)",8.87814661134164,32.0809523809524,23.6571428571429,8.6,5.0047619047619,30.6
"87","Rep. Kathy Castor  (D - FL)",8.91092229902714,30.8387096774194,18.0609318996416,14.8853046594982,6.03942652329749,30.010752688172
"518","Rep. Bill Flores  (R - TX)",8.92860520094563,28.8085106382979,19.5957446808511,3.46099290780142,9.83687943262411,38.4822695035461
"123","Rep. Cedric Richmond  (D - LA)",8.97247886048532,29.1604278074866,12.4973262032086,11.3743315508021,13.8235294117647,33.331550802139
"283","Rep. Mark Pocan  (D - WI)",9.01818181818182,23.5272727272727,15.6909090909091,7.04545454545454,7.30909090909091,46.5318181818182
"130","Rep. Seth Moulton  (D - MA)",9.03781512605042,34,13.0519480519481,14.5324675324675,9.44805194805195,28.8766233766234
"63","Sen. Kamala Harris  (D - CA)",9.11338385507861,24.4842221998185,20.9365863494304,9.78848674261518,17.067143865309,27.6637765903821
"16","Sen. Kyrsten Sinema  (D - AZ)",9.15449961915806,31.289755351682,16.644877675841,14.3149847094801,10.4583333333333,27.1674311926606
"80","Rep. Alcee Hastings  (D - FL)",9.16435256926797,24.7647058823529,13.8461538461538,7.30769230769231,13.0497737556561,40.7149321266968
"272","Sen. Patrick Leahy  (D - VT)",9.16781377972555,28.8,31.6516129032258,7.88387096774194,10.4645161290323,20.8709677419355
"132","Rep. William Keating  (D - MA)",9.17649481944871,27.0286885245902,15.7540983606557,14.655737704918,7.69672131147541,34.7418032786885
"228","Sen. Jeff Merkley  (D - OR)",9.30457328417278,30.161568627451,18.7725490196078,10.0133333333333,15.2501960784314,25.7427450980392
"75","Sen. Richard Blumenthal  (D - CT)",9.30541002686349,24.0862239841427,25.5153617443013,13.209117938553,18.6273538156591,18.418235877106
"121","Rep. Sharice Davids  (D - KS)",9.35981224047662,29.051724137931,20.4195402298851,14.0402298850575,11.2413793103448,25.0689655172414
"12","Rep. Greg Stanton  (D - AZ)",9.39342190910135,25.0174216027875,13.4459930313589,13.3937282229965,5.85365853658537,42.2787456445993
"136","Rep. C. Ruppersberger  (D - MD)",9.42464569650881,18.15,19.2,7.56818181818182,14.4636363636364,40.4818181818182
"405","Rep. Thomas Massie  (R - KY)",9.43720254143905,20.1221719457014,16.1402714932127,9.60633484162896,15.6696832579186,38.710407239819
"246","Rep. Jim Cooper  (D - TN)",9.44662132797726,38.7118644067797,14.3220338983051,11.3276836158192,14.7627118644068,20.9887005649718
"291","Sen. Angus King  (I - ME)",9.57056402562647,32.8267045454545,24.2414772727273,11.5795454545455,15.3409090909091,16.0028409090909
"71","Rep. Joe Courtney  (D - CT)",9.58657190095209,25.7227722772277,23.3514851485149,18.6534653465347,9.94554455445545,22.4207920792079
"329","Rep. French Hill  (R - AR)",9.59555555555556,25.5866666666667,18.8266666666667,9.8,8.79555555555556,37.1466666666667
"203","Rep. Gregory Meeks  (D - NY)",9.5976399076975,25.6225165562914,17.4569536423841,9.82781456953642,6.80132450331126,40.3576158940397
"290","Gov. David Ige  (HI)",9.67190340043819,29.3514211886305,6.96124031007752,25.9354005167959,25.9018087855297,11.8552971576227
"106","Rep. Bradley Schneider  (D - IL)",9.70120593692022,26.6785714285714,20.0612244897959,14.0969387755102,5.06632653061224,34.0663265306122
"333","Rep. Andy Biggs  (R - AZ)",9.71205007824726,11.8467153284672,14.6970802919708,9.59489051094891,6.94890510948905,56.9525547445255
"461","Sen. Deb Fischer  (R - NE)",9.77725408705567,27.8234042553192,16.6276595744681,14.5765957446809,17.1957446808511,24.0021276595745
"117","Sen. Richard Durbin  (D - IL)",9.81545320286085,25.6561987984708,17.7700709994538,11.8651010376843,18.0207536865101,27.0240305843801
"478","Rep. Steve Stivers  (R - OH)",9.84245934300144,21.5916230366492,13.7748691099476,13.3455497382199,12.7696335078534,38.4083769633508
"212","Rep. Paul Tonko  (D - NY)",9.84868645721534,22.9350180505415,13.7292418772563,11.4801444043321,7.72563176895307,44.158844765343
"149","Rep. Elissa Slotkin  (D - MI)",9.95117948488942,23.3422459893048,22.5882352941176,10.7379679144385,15.1390374331551,28.2513368983957
"341","Rep. Kevin McCarthy  (R - CA)",9.96532634032634,28.1363636363636,6.81818181818182,9.66477272727273,19.0568181818182,36.3068181818182
"156","Rep. Collin Peterson  (D - MN)",10.0007993113625,34.5855263157895,7.42105263157895,16.5065789473684,9.69078947368421,31.7236842105263
"462","Rep. Christopher Smith  (R - NJ)",10.0316166257079,31.4973821989529,12.8219895287958,15.0942408376963,8.90575916230367,31.4293193717277
"350","Rep. Daniel Webster  (R - FL)",10.0821032922453,27.4801061007958,14.2042440318302,11.4986737400531,12.0212201591512,34.7188328912467
"232","Rep. Conor Lamb  (D - PA)",10.0835308899531,29.2786259541985,19.3206106870229,14.2748091603053,15.3511450381679,21.6526717557252
"323","Rep. Mike Rogers  (R - AL)",10.153452685422,32.3804347826087,17.2771739130435,13.2065217391304,6.88586956521739,30.2880434782609
"222","Sen. Sherrod Brown  (D - OH)",10.1827814029409,28.0971519829651,19.0135746606335,10.8107532605803,13.5797178599947,28.6401384083045
"311","Gov. Steve Sisolak  (NV)",10.19681525275,35.8612334801762,25.5851688693098,11.7790014684288,15.9662261380323,11.0800293685756
"243","Sen. Sheldon Whitehouse  (D - RI)",10.1970662034356,28.5445859872611,20.8726114649682,10.1656050955414,18.812101910828,21.8312101910828
"115","Rep. Robin Kelly  (D - IL)",10.3129863115432,26.2643171806167,13.8237885462555,7.51982378854626,6.3568281938326,46.0308370044053
"5","Gov. Doug Ducey  (AZ)",10.3829905755829,39.3597094801223,20.0217889908257,17.3340978593272,9.73891437308868,13.6009174311927
"578","Gov. Mark Gordon  (WY)",10.3868018153637,46.6347305389222,25.0239520958084,11.9940119760479,2.0059880239521,14.3892215568862
"319","Sen. Lisa Murkowski  (R - AK)",10.4112293060937,29.7844311377246,16.5688622754491,14.5688622754491,15.2814371257485,23.9221556886228
"565","Sen. John Barrasso  (R - WY)",10.4146790218446,33.622754491018,29.1017964071856,8.05389221556886,11.4850299401198,18.0359281437126
"50","Rep. Nanette Barragan  (D - CA)",10.4286382941839,28.6690647482014,6.71942446043165,7.62589928057554,4.70503597122302,52.2805755395683
"204","Rep. Hakeem Jeffries  (D - NY)",10.6717151247538,18.4555984555985,13.9343629343629,8.71814671814672,6.16216216216216,52.6061776061776
"53","Rep. Raul Ruiz  (D - CA)",10.673321048321,20.3787878787879,28.469696969697,10.2575757575758,7.39393939393939,33.4242424242424
"207","Rep. Joseph Morelle  (D - NY)",10.700811144419,32.2716981132075,17.2301886792453,15.0452830188679,9.76981132075472,25.5018867924528
"475","Rep. Michael Turner  (R - OH)",10.7102777306409,28.5962441314554,18.6197183098592,13.5117370892019,13.9859154929577,25.0704225352113
"57","Rep. Susan Davis  (D - CA)",10.7843331737237,20.0656565656566,22.6666666666667,10.0505050505051,9.56565656565657,37.6161616161616
"23","Rep. Doris Matsui  (D - CA)",10.8294253975865,24.6821705426357,20.7713178294574,10.1356589147287,8.10077519379845,36.4496124031008
"242","Sen. John Reed  (D - RI)",10.8336044705471,28.7324840764331,22.7133757961783,10.015923566879,14.4808917197452,24.3057324840764
"348","Rep. Bill Posey  (R - FL)",10.9798093728407,32.0215827338129,25.0971223021583,6.80575539568345,7.87410071942446,28.3992805755396
"463","Rep. Mark Amodei  (R - NV)",10.9868488416741,30.3038461538462,14.85,16.5884615384615,9.7,28.7153846153846
"157","Rep. Dean Phillips  (D - MN)",11.0186644125106,25.0591715976331,18.5443786982249,9.83431952662722,16.2248520710059,30.5266272189349
"551","Rep. Robert Wittman  (R - VA)",11.0237558685446,28.868544600939,12.6995305164319,13.0798122065728,9.41784037558685,35.830985915493
"175","Rep. Bonnie Watson Coleman  (D - NJ)",11.0406719475553,23.3380952380952,18.3285714285714,13.5142857142857,11.5380952380952,33.3
"301","Gov. Janet Mills  (ME)",11.1345845835699,29.9488636363636,22.0738636363636,18.6846590909091,22.8323863636364,6.34943181818182
"184","Sen. Robert Menendez  (D - NJ)",11.1618886097784,27.712389380531,12.1214802896219,12.5619469026549,21.0088495575221,26.7892196299276
"18","Rep. Alan Lowenthal  (D - CA)",11.1653110047847,23.5358851674641,14.7799043062201,7.29186602870813,10.2296650717703,44.2535885167464
"497","Rep. Scott Perry  (R - PA)",11.1929632405219,29.421686746988,18.2730923694779,11.433734939759,7.15261044176707,33.6987951807229
"195","Rep. Adriano Espaillat  (D - NY)",11.2203941435902,31.5843621399177,13.2345679012346,9.84362139917696,6.49794238683128,39.1275720164609
"555","Rep. Bryan Steil  (R - WI)",11.2236425811489,26.6030534351145,7.76335877862595,11.6259541984733,10.6984732824427,43.5572519083969
"151","Rep. Rashida Tlaib  (D - MI)",11.4061921510552,30.1126126126126,22.1486486486486,8.34234234234234,12.9459459459459,26.2882882882883
"233","Rep. Dwight Evans  (D - PA)",11.4203682966281,28.3092105263158,16.4934210526316,12.3289473684211,4.71052631578947,38.0986842105263
"223","Rep. Kendra Horn  (D - OK)",11.4855592169025,28.9350649350649,14.4675324675325,10.3506493506494,12.6623376623377,33.6558441558442
"306","Gov. Doug Burgum  (ND)",11.528112664035,38.456043956044,28.6153846153846,10.8241758241758,5.21428571428571,16.8186813186813
"86","Rep. Frederica Wilson  (D - FL)",11.5416038589087,27.9435483870968,17.8185483870968,10.3467741935484,10.883064516129,33.1653225806452
"480","Rep. Warren Davidson  (R - OH)",11.5491001068647,22.1674008810573,11.1145374449339,10.079295154185,8.54185022026432,47.8810572687225
"473","Rep. David Joyce  (R - OH)",11.5798528843199,29.4798657718121,11.1174496644295,7.33892617449664,10.9798657718121,41.1912751677852
"280","Sen. Maria Cantwell  (D - WA)",11.5823652148653,28.878568192116,22.0729497054826,9.34798368826461,12.405980969642,27.1703670140462
"198","Rep. Antonio Delgado  (D - NY)",11.6060130053619,26.627802690583,16.3408071748879,11.4215246636771,11.6905829596413,33.8161434977578
"98","Rep. Tulsi Gabbard  (D - HI)",11.6535494964382,33.4802259887006,13.8305084745763,20.7062146892655,11.1016949152542,20.7853107344633
"572","Gov. Gary Herbert  (UT)",11.7160580417992,43.4267605633803,17.1887323943662,11.7492957746479,10.130985915493,17.9492957746479
"483","Rep. Kevin Hern  (R - OK)",11.7471959604641,28.9497206703911,19.8212290502793,11.4301675977654,7.9608938547486,32.1675977653631
"162","Rep. Wm. Clay  (D - MO)",11.7751584828624,27.1121951219512,16.2292682926829,15.9609756097561,12.4731707317073,28.3853658536585
"202","Rep. Grace Meng  (D - NY)",11.8293742205267,28.906976744186,10.4837209302326,12.0837209302326,13.2,35.1302325581395
"332","Sen. Tom Cotton  (R - AR)",11.9140838091229,24.6007281553398,21.6019417475728,8.2754854368932,13.7402912621359,31.877427184466
"342","Rep. Paul Cook  (R - CA)",12.0135030779075,21.6950819672131,7.29836065573771,6.02950819672131,12.3245901639344,52.8622950819672
"418","Rep. Fred Upton  (R - MI)",12.0993374194125,35.1218274111675,7.7005076142132,19.502538071066,12.9543147208122,24.6395939086294
"426","Rep. Tom Emmer  (R - MN)",12.1561076604555,28.14,16.2,13.3333333333333,9.04,33.22
"73","Rep. Rosa DeLauro  (D - CT)",12.3563815516695,30.126582278481,27.6033755274262,11.3333333333333,14.464135021097,16.6455696202532
"176","Rep. Donald Norcross  (D - NJ)",12.4284307376828,30.8663793103448,13.948275862069,8.52586206896552,14.0215517241379,32.6551724137931
"491","Rep. Fred Keller  (R - PA)",12.4437059697955,28.7781954887218,12.0751879699248,4.96992481203007,9.21052631578947,45.0864661654135
"388","Rep. Jackie Walorski  (R - IN)",12.4570881226054,24.9047619047619,13.0666666666667,7.18571428571429,16.152380952381,38.6095238095238
"416","Sen. Susan Collins  (R - ME)",12.4640159962696,27.4318181818182,17.0596590909091,16.1676136363636,29.7982954545455,9.46590909090909
"485","Rep. Tom Cole  (R - OK)",12.4749423963134,29.5806451612903,10.668202764977,9.40092165898618,13.9677419354839,36.3732718894009
"436","Rep. Steven Palazzo  (R - MS)",12.5241003093959,29.4347826086957,20.3768115942029,7.86473429951691,12.43961352657,30.0772946859903
"481","Sen. Robert Portman  (R - OH)",12.5320067826462,31.0708011711472,13.1136545115784,12.2416821932393,10.9925472451424,32.5637476710141
"471","Rep. Bob Gibbs  (R - OH)",12.5346123930516,27.0985221674877,13.4433497536946,11.679802955665,9.35467980295567,38.4975369458128
"276","Rep. Kim Schrier  (D - WA)",12.6708890909878,32.6201117318436,14.6703910614525,8.81005586592179,8.44134078212291,35.5474860335196
"38","Rep. Judy Chu  (D - CA)",12.7262394790195,31.8841463414634,20.3353658536585,14.7073170731707,11.5365853658537,21.4329268292683
"170","Sen. Jeanne Shaheen  (D - NH)",12.7448211842877,33.4767441860465,24.6511627906977,12.3779069767442,10.7383720930233,18.5348837209302
"126","Rep. Joseph Kennedy  (D - MA)",12.775079372601,34.781914893617,21.5531914893617,13.0265957446809,13.4042553191489,17.0851063829787
"26","Rep. Grace Napolitano  (D - CA)",12.8016737081573,32.4705882352941,16.7009803921569,11.1274509803922,10.8529411764706,29.0490196078431
"552","Rep. Cathy McMorris Rodgers  (R - WA)",12.8827023750482,27.0798479087452,11.3954372623574,10.851711026616,20.1292775665399,30.6768060836502
"447","Rep. Mark Walker  (R - NC)",12.8843877885671,22.2614107883817,13.3319502074689,8.82572614107884,10.6804979253112,45.0124481327801
"423","Rep. Tim Walberg  (R - MI)",13.0125989297404,27.6769911504425,6.14601769911504,13.2433628318584,8.50442477876106,44.1946902654867
"69","Rep. Jahana Hayes  (D - CT)",13.1944140862174,28.6502057613169,16.7695473251029,10.7818930041152,9.60082304526749,33.9958847736626
"147","Rep. Daniel Kildee  (D - MI)",13.2046647230321,31.5877551020408,12.0326530612245,12.3142857142857,19.0489795918367,25.0285714285714
"70","Rep. James Himes  (D - CT)",13.2244582043344,25.7411764705882,17.0470588235294,8.32941176470588,14.2764705882353,34.4058823529412
"77","Sen. Chris Coons  (D - DE)",13.2565272098144,30.2727272727273,23.9144385026738,12.2486631016043,11.3636363636364,21.9786096256685
"215","Rep. Yvette Clarke  (D - NY)",13.2843358493502,26.4640883977901,13.0110497237569,7.75690607734807,3.13812154696133,49.6961325966851
"74","Sen. Christopher Murphy  (D - CT)",13.3831747822231,29.9137760158573,23.4816650148662,10.7373637264618,16.9772051536174,18.9207135777998
"154","Rep. Angie Craig  (D - MN)",13.4614384360147,30.2316384180791,16.4406779661017,8.20338983050847,14.5762711864407,30.6610169491525
"221","Rep. Tim Ryan  (D - OH)",13.4689360745984,28.5581395348837,20.0494186046512,8.5203488372093,16.9709302325581,25.9651162790698
"78","Sen. Thomas Carper  (D - DE)",13.6426024955437,35.2566844919786,19.2299465240642,11.9465240641711,10.2112299465241,23.1951871657754
"220","Rep. Marcy Kaptur  (D - OH)",13.6608419745706,29.0754098360656,19.8327868852459,6.95081967213115,12.072131147541,31.9672131147541
"7","Gov. Jared Polis  (CO)",13.7416846863,35.5632725132431,19.5309005297234,12.6827545615068,14.8563861094762,17.3631547969394
"274","Rep. Denny Heck  (D - WA)",13.8068978707127,27.8260869565217,19.5928853754941,2.54150197628458,11.699604743083,38.3675889328063
"52","Rep. Pete Aguilar  (D - CA)",13.8413194444444,25.109375,13.6666666666667,8.27083333333333,11.0416666666667,42.0364583333333
"163","Rep. Bennie Thompson  (D - MS)",13.843513220968,14.8045977011494,29.8390804597701,10.367816091954,16.6206896551724,28.3908045977011
"548","Rep. Ben Cline  (R - VA)",13.8870646155734,28.9867256637168,10.7787610619469,10.4601769911504,10.6106194690265,39.3982300884956
"257","Rep. Sheila Jackson Lee  (D - TX)",13.9953677081337,29.9468085106383,20.8244680851064,6.09042553191489,16.6914893617021,26.4734042553191
"171","Sen. Margaret Hassan  (D - NH)",14.0117011921048,32.046511627907,23.5552325581395,11.7296511627907,10.9738372093023,21.7151162790698
"560","Rep. Alex Mooney  (R - WV)",14.0275571002979,28.9035087719298,9.09649122807017,11.25,8.30263157894737,42.5350877192982
"503","Rep. William Timmons  (R - SC)",14.0453353420377,26.051724137931,21.2844827586207,10.9353448275862,9.92672413793104,31.7198275862069
"76","Rep. Lisa Blunt Rochester  (D - DE)",14.1803414919172,28.9095890410959,20.3260273972603,10.9753424657534,9.59178082191781,30.0328767123288
"49","Rep. Nancy Pelosi  (D - CA)",14.2138542086186,30.7748691099476,37.282722513089,8.02094240837696,14.3612565445026,9.73298429319372
"22","Rep. Brad Sherman  (D - CA)",14.2205572755418,31.4578947368421,19.4526315789474,7.63684210526316,7.56842105263158,33.6578947368421
"139","Rep. John Sarbanes  (D - MD)",14.3358792312106,30.1964285714286,16.6116071428571,7.84821428571429,7.25446428571429,37.9330357142857
"33","Rep. Jimmy Gomez  (D - CA)",14.4633096747184,26.986301369863,25.5251141552511,9.87671232876712,5.65753424657534,31.9178082191781
"330","Rep. Steve Womack  (R - AR)",14.4791105121294,27.8490566037736,16.0235849056604,7,12.6792452830189,36.2830188679245
"213","Rep. Sean Maloney  (D - NY)",14.5678627801747,25.6325581395349,16.7581395348837,9.9906976744186,9.48372093023256,38
"460","Sen. Benjamin Sasse  (R - NE)",14.7072785450266,32.6914893617021,16.9148936170213,12.7297872340426,12.7,24.9212765957447
"476","Rep. Robert Latta  (R - OH)",14.9597766059369,31.9055793991416,10.9141630901288,7.10300429184549,5.6480686695279,44.7038626609442
"467","Rep. Peter King  (R - NY)",15.2410256410256,27.1641025641026,15.5846153846154,12.9538461538462,10.4205128205128,33.9435897435897
"479","Rep. Troy Balderson  (R - OH)",15.2783593680941,32.1146245059289,12.3438735177866,9.18181818181818,10.0079051383399,36.2094861660079
"299","Gov. Charlie Baker  (MA)",15.310983055291,38.2210904733373,38.8364289994008,8.79868184541642,4.61893349310965,9.79029358897543
"260","Rep. Vicente Gonzalez  (D - TX)",15.3409741498959,26.9541984732824,9.52671755725191,8.30534351145038,7.54198473282443,47.7404580152672
"166","Rep. David Price  (D - NC)",15.3914654469383,32.1470588235294,12.2394957983193,11.0966386554622,9.5672268907563,34.8949579831933
"237","Rep. Michael Doyle  (D - PA)",15.4338934967198,27.2205323193916,15.7680608365019,12.7946768060837,7.13307984790875,37.1140684410646
"449","Rep. Richard Hudson  (R - NC)",15.4803137254902,28.836,10.52,10.712,11.948,38.076
"513","Rep. Mark Green  (R - TN)",15.5237620981128,24.6550218340611,21.3275109170306,5.62882096069869,6.10480349344978,42.2445414847162
"412","Rep. Steve Scalise  (R - LA)",15.7823110905635,31.0793650793651,28.6349206349206,10.4074074074074,6.91534391534391,23.1164021164021
"199","Rep. Brian Higgins  (D - NY)",15.9233992638434,30.2835820895522,12.7283582089552,11.7522388059701,10.5910447761194,34.355223880597
"197","Rep. Anthony Brindisi  (D - NY)",15.9900377943599,31.1137254901961,14.4705882352941,9.33725490196078,17.9176470588235,27.5137254901961
"245","Rep. Joe Cunningham  (D - SC)",15.9960771404274,34.1954022988506,20.1896551724138,14.683908045977,8.16091954022989,22.735632183908
"225","Rep. Kurt Schrader  (D - OR)",16.0814790652159,30.5175097276265,11.5525291828794,12.852140077821,12.3579766536965,32.7392996108949
"506","Rep. Dusty Johnson  (R - SD)",16.2639385611565,33.3168316831683,17.970297029703,15.5643564356436,12.1831683168317,20.9950495049505
"45","Rep. Mark Takano  (D - CA)",16.3572546055407,21.1971153846154,23.7932692307692,10.1634615384615,8.53365384615385,36.3653846153846
"569","Gov. Kristi Noem  (SD)",16.3886664239777,28.7611940298507,21.4179104477612,14.7313432835821,28.2786069651741,6.74129353233831
"178","Rep. Frank Pallone  (D - NJ)",16.4082077469174,24.963963963964,19.9414414414414,12.8603603603604,11.2612612612613,30.9594594594595
"457","Rep. Adrian Smith  (R - NE)",16.5069992936493,26.8218390804598,22.1551724137931,9.47126436781609,6.6551724137931,34.8735632183908
"254","Rep. Lizzie Fletcher  (D - TX)",16.6273509382405,34.3525179856115,8.35971223021583,11.4388489208633,7.50359712230216,38.5539568345324
"60","Rep. Tony Cardenas  (D - CA)",16.8065127941366,22.6883116883117,17.7662337662338,6.19480519480519,16.0844155844156,37.2207792207792
"181","Rep. Mikie Sherrill  (D - NJ)",17.0004918839154,25.9672897196262,17.9485981308411,8.6588785046729,9.67757009345794,37.6728971962617
"29","Rep. Jackie Speier  (D - CA)",17.0591478146277,26.3949044585987,34.9235668789809,6.82165605095541,8.5031847133758,23.2866242038217
"264","Rep. Donald Beyer  (D - VA)",17.1305761877555,32.5355191256831,23.7868852459016,10.431693989071,7.21857923497268,26.0218579234973
"409","Rep. Garret Graves  (R - LA)",17.2275596072931,27.8,35.3032258064516,6.36774193548387,5.27096774193548,25.341935483871
"173","Rep. Andy Kim  (D - NJ)",17.4493620414673,28.2982456140351,16.7149122807018,11.5701754385965,12.3157894736842,31.1622807017544
"4","Gov. Asa Hutchinson  (AR)",17.4549764955578,38.0436893203884,24.1771844660194,11.0703883495146,6.41140776699029,20.2402912621359
"168","Rep. Ann Kuster  (D - NH)",17.4853626843996,24.5449438202247,28.5,12.1460674157303,8.91011235955056,26
"135","Rep. Anthony Brown  (D - MD)",17.6347418427303,32.4473684210526,21.8368421052632,4.11052631578947,13.6315789473684,28.0473684210526
"224","Rep. Earl Blumenauer  (D - OR)",17.7004161216046,33.3029045643154,23,5.02904564315353,11.1825726141079,27.701244813278
"446","Rep. Mark Meadows  (R - NC)",17.8207367297132,26.2556818181818,18.4204545454545,4.91477272727273,7.74431818181818,42.375
"282","Rep. Gwen Moore  (D - WI)",17.8467004639973,25.6454545454545,28.9454545454545,8.17727272727273,9.90909090909091,27.4545454545455
"161","Rep. Emanuel Cleaver  (D - MO)",17.871117131063,33.4196078431373,19.1137254901961,9.74901960784314,15.0941176470588,22.5058823529412
"521","Rep. Dan Crenshaw  (R - TX)",17.9161967418546,23.7395833333333,27.0364583333333,8.296875,10.375,30.5729166666667
"383","Rep. Darin LaHood  (R - IL)",18.0152174395631,32.1355140186916,17.6542056074766,11.4485981308411,11.5420560747664,27.2943925233645
"386","Rep. Rodney Davis  (R - IL)",18.1530916030534,24.55,15.45,11.795,10.3,37.795
"488","Rep. Greg Walden  (R - OR)",18.2802997046851,30.8051470588235,13.2095588235294,17.7316176470588,5.29044117647059,33.0294117647059
"34","Rep. Jimmy Panetta  (D - CA)",18.7574694311536,27.3263157894737,20.4894736842105,6.27368421052632,9.79473684210526,36.3684210526316
"59","Rep. TJ Cox  (D - CA)",18.9545339732256,15.9864864864865,16.3918918918919,4.81081081081081,10.8513513513514,51.7297297297297
"36","Rep. Josh Harder  (D - CA)",19.2393817787419,27.295,18.71,12.295,10.655,31.36
"482","Rep. Frank Lucas  (R - OK)",19.3613071895425,33.843137254902,17.4509803921569,8.13725490196078,8.02614379084967,32.718954248366
"165","Rep. Alma Adams  (D - NC)",19.3956051851016,28.852534562212,14.6497695852535,12.0921658986175,9.23502304147465,35.0691244239631
"287","Gov. John Carney  (DE)",19.5264758309741,38.5748663101604,25.4224598930481,13.4144385026738,7.60427807486631,15.1764705882353
"315","Gov. Kate Brown  (OR)",19.5515581413704,33.2533333333333,17.6007843137255,13.9992156862745,27.2909803921569,7.94352941176471
"226","Rep. Peter DeFazio  (D - OR)",19.621198156682,28.7903225806452,26.0451612903226,12.6483870967742,12.8516129032258,19.7322580645161
"120","Rep. Peter Visclosky  (D - IN)",20.046359073699,28.4430894308943,19.6138211382114,7.97967479674797,8.21138211382114,35.6422764227642
"384","Rep. John Shimkus  (R - IL)",20.0845126522962,27.6647727272727,8.10227272727273,16.1420454545455,9.13636363636364,38.8409090909091
"550","Rep. H. Griffith  (R - VA)",20.2559670781893,30.0740740740741,15.641975308642,11.7201646090535,7.65843621399177,34.8888888888889
"100","Sen. Mazie Hirono  (D - HI)",20.2760141873238,32.3023255813954,16.2842377260982,9.25064599483204,17.9509043927649,24.1602067183463
"19","Rep. Ami Bera  (D - CA)",20.3702585293494,29.1818181818182,13.2438016528926,9.76859504132231,12.5495867768595,35.2190082644628
"562","Rep. David McKinley  (R - WV)",20.3888137271077,31.2363636363636,7.87272727272727,12.9409090909091,7.93181818181818,40.0045454545455
"150","Rep. Haley Stevens  (D - MI)",20.5237501375491,29.1306532663317,18.6231155778894,8.60804020100502,11.1256281407035,32.3869346733668
"549","Rep. Denver Riggleman  (R - VA)",20.5818513911767,28.8274111675127,10.4263959390863,9.85279187817259,12.1878172588832,38.7106598984772
"307","Gov. Pete Ricketts  (NE)",20.7269570974089,39.8893617021277,21.5893617021277,14.2553191489362,10.0617021276596,13.9744680851064
"420","Rep. John Moolenaar  (R - MI)",20.8402956153395,22.1282051282051,12.5538461538462,14.574358974359,7.92820512820513,42.7435897435897
"466","Rep. Lee Zeldin  (R - NY)",20.9992313873458,23.6256157635468,17.551724137931,15.1182266009852,11.9605911330049,31.7487684729064
"44","Rep. Mark DeSaulnier  (D - CA)",21.3068317153271,24.3471074380165,17.3636363636364,4.79338842975207,7.32231404958678,46.0578512396694
"302","Gov. Gretchen Whitmer  (MI)",21.3118740312516,26.2942867409271,35.0269493352497,11.5921667265541,21.7721882860223,5.30614444843694
"305","Gov. Roy Cooper III  (NC)",21.437722323049,36.6856140350877,22.3049122807018,12.5824561403509,11.9568421052632,16.7810526315789
"390","Rep. Jim Banks  (R - IN)",21.4632290639968,24.7927927927928,25.5135135135135,8.22972972972973,7.85135135135135,33.6396396396396
"297","Gov. Laura Kelly  (KS)",21.4709899338099,41.1014686248331,25.1588785046729,12.3724966622163,6.70894526034713,14.7730307076101
"97","Rep. Ed Case  (D - HI)",21.4784015759111,35.495145631068,12.1067961165049,7.8495145631068,13.7233009708738,30.7912621359223
"65","Rep. Ed Perlmutter  (D - CO)",21.623481325609,28.4814814814815,15.1693121693122,7.44444444444444,11.3439153439153,37.5873015873016
"14","Rep. Ruben Gallego  (D - AZ)",21.72920487647,27.1772575250836,30.5083612040134,7.2876254180602,4.12040133779264,31.056856187291
"573","Gov. Ralph Northam  (VA)",21.7523572630197,31.8402215594376,20.5389859394972,10.962505325948,21.4017895185343,15.4154239454623
"300","Gov. Larry Hogan  (MD)",21.7681048702728,35.0811501597444,47.761661341853,7.37891373801917,3.02492012779553,6.77507987220447
"472","Rep. Brad Wenstrup  (R - OH)",21.7765136941299,26.9170124481328,16.2406639004149,9.98755186721992,10.8672199170124,36.0705394190871
"295","Gov. JB Pritzker  (IL)",21.9908127745152,31.5789186237029,26.705898416166,11.5819224467504,21.0453304205352,9.01392681594757
"419","Rep. Jack Bergman  (R - MI)",22.0629993880207,28.8793969849246,19.0552763819095,11.78391959799,13.4170854271357,26.8793969849246
"247","Rep. Steve Cohen  (D - TN)",22.1018625859804,21.9883040935673,24.7777777777778,11.5555555555556,12.3333333333333,29.3742690058479
"72","Rep. John Larson  (D - CT)",22.1584684684685,31.44,15.4228571428571,9.76,12.6628571428571,30.9485714285714
"458","Rep. Don Bacon  (R - NE)",22.1890279983805,25.2077922077922,24.2337662337662,8.46753246753247,14.3701298701299,27.7857142857143
"112","Rep. Lauren Underwood  (D - IL)",22.2487305312567,27.2064220183486,17.1422018348624,6.3256880733945,16.848623853211,32.4770642201835
"211","Rep. Nydia Velazquez  (D - NY)",22.5782735491397,28.8074074074074,14.8518518518519,9.34074074074074,8.31111111111111,38.637037037037
"218","Rep. Joyce Beatty  (D - OH)",22.6351381461676,34.8395721925134,10.4171122994652,8.04812834224599,12.855614973262,33.8021390374332
"296","Gov. Eric Holcomb  (IN)",23.5003907272531,42.2830482115086,21.8045619491965,11.0093312597201,6.08242612752722,18.9860031104199
"253","Rep. Joaquin Castro  (D - TX)",24.2939765834391,23.9705882352941,25.4705882352941,14.9558823529412,8.97549019607843,26.3774509803922
"94","Rep. John Lewis  (D - GA)",24.5468911917098,21.9333333333333,35.2625,11.3041666666667,5.875,25.6458333333333
"459","Rep. Jeff Fortenberry  (R - NE)",24.7541966050642,41.2993630573248,9.7515923566879,16.4394904458599,9.52229299363057,23.1210191082803
"298","Gov. John Bel Edwards  (LA)",24.919336686917,35.2701652089407,27.7881438289602,13.0174927113703,11.2915451895044,12.5840621963071
"284","Rep. Ron Kind  (D - WI)",25.7007529507529,32.0687830687831,18.7989417989418,11.8359788359788,14.3544973544974,22.8306878306878
"464","Rep. Elise Stefanik  (R - NY)",26.4313059674762,27.3106382978723,17.5914893617021,14.6,11.3489361702128,29.136170212766
"2","Gov. Michael Dunleavy  (AK)",27.0785206058471,31.3473053892216,23.9640718562874,15.8502994011976,6.54491017964072,22.3892215568862
"271","Rep. Peter Welch  (D - VT)",27.2770063227754,35.7315436241611,27.8255033557047,2.71812080536913,9.6510067114094,24.0939597315436
"308","Gov. Chris Sununu  (NH)",27.6989691225327,44.0755813953488,29.8110465116279,12.8372093023256,4.7296511627907,8.61918604651163
"37","Rep. Juan Vargas  (D - CA)",28.3779063042221,22.8615384615385,35.4307692307692,6.55384615384615,1.98461538461538,33.0769230769231
"303","Gov. Tim Walz  (MN)",28.3853593614884,34.46227929374,35.2319422150883,10.0032102728732,10.2479935794543,10.1420545746388
"6","Gov. Gavin Newsom  (CA)",28.4208544439033,30.3164633531606,30.7000705716302,10.6439157173102,12.562959975804,15.7733642504285
"575","Gov. Jay Inslee  (WA)",29.0470150983305,31.8332578160399,31.3597643860444,10.352967829633,15.3855913004078,11.1884911644767
"574","Gov. Phil Scott  (VT)",32.0127739061714,37.5612903225806,35.5677419354839,7.88387096774194,2.91612903225806,15.8258064516129
"309","Gov. Philip Murphy  (NJ)",32.2475103091296,36.0353982300885,28.2960579243765,13.3439259855189,11.7566371681416,10.5563153660499
"13","Rep. Raul Grijalva  (D - AZ)",35.1832873645171,32.5523012552301,14.3347280334728,7.02092050209205,6.96234309623431,39.1506276150628
"114","Rep. Raja Krishnamoorthi  (D - IL)",35.492173004769,31.7305699481865,24.7668393782383,9.74093264248705,9.37305699481865,24.2538860103627
"312","Gov. Andrew Cuomo  (NY)",39.1940864297172,30.2169456781688,36.5794328664161,10.8782029381619,13.958148274684,8.50461223095319
"313","Gov. Mike DeWine  (OH)",42.9729099745348,41.6931062017567,35.5011977641735,9.35746606334842,4.86558424274687,8.55789193505457
"8","Gov. Ned Lamont  (CT)",44.338082259663,35.6739345887017,23.7066402378593,13.197224975223,15.9702675916749,11.2844400396432
"577","Gov. Jim Justice  (WV)",44.6157978438638,43.1812596006144,20.6436251920123,16.8172043010753,6.09062980030722,13.0030721966206
"43","Rep. Lucille Roybal-Allard  (D - CA)",47.6713821892393,12.788961038961,65.3392857142857,3.98214285714286,1.63798701298701,16.0730519480519
"116","Rep. Sean Casten  (D - IL)",51.6936280094175,7.78499278499279,71.8109668109668,3.33621933621934,5.74314574314574,11.5670995670996
"567","Gov. Gina Raimondo  (RI)",58.5733632962932,33.1847133757962,31.5254777070064,8.86624203821656,17.9617834394904,8.55414012738854
