"","question_id","series_date","total_n","Somewhat.Approve","Strongly.Approve","Somewhat.Disapprove","Strongly.Disapprove","Don.t.Know...No.Opinion"
"620251","LEG4_John_Moolenaar","2018-01-01T00:00:00.000Z",14,36,4,16,5,38
"620252","LEG4_John_Moolenaar","2018-01-02T00:00:00.000Z",12,44,0,18,24,14
"620253","LEG4_John_Moolenaar","2018-01-03T00:00:00.000Z",23,29,0,10,11,50
"620254","LEG4_John_Moolenaar","2018-01-04T00:00:00.000Z",13,13,0,13,5,69
"620255","LEG4_John_Moolenaar","2018-01-05T00:00:00.000Z",15,11,8,31,20,30
"620256","LEG4_John_Moolenaar","2018-01-06T00:00:00.000Z",15,14,4,11,8,63
"620257","LEG4_John_Moolenaar","2018-01-07T00:00:00.000Z",8,38,0,14,0,48
"620258","LEG4_John_Moolenaar","2018-01-08T00:00:00.000Z",11,26,0,14,8,52
"620259","LEG4_John_Moolenaar","2018-01-09T00:00:00.000Z",8,28,8,12,7,44
"620260","LEG4_John_Moolenaar","2018-01-10T00:00:00.000Z",15,18,4,10,12,56
"620261","LEG4_John_Moolenaar","2018-01-11T00:00:00.000Z",12,17,0,36,7,41
"620262","LEG4_John_Moolenaar","2018-01-12T00:00:00.000Z",13,31,8,23,6,31
"620263","LEG4_John_Moolenaar","2018-01-13T00:00:00.000Z",17,18,10,23,0,49
"620264","LEG4_John_Moolenaar","2018-01-14T00:00:00.000Z",16,7,0,18,8,67
"620265","LEG4_John_Moolenaar","2018-01-15T00:00:00.000Z",16,5,13,7,24,51
"620266","LEG4_John_Moolenaar","2018-01-16T00:00:00.000Z",11,45,12,12,7,24
"620267","LEG4_John_Moolenaar","2018-01-17T00:00:00.000Z",17,12,8,8,3,70
"620268","LEG4_John_Moolenaar","2018-01-18T00:00:00.000Z",15,19,0,22,18,41
"620269","LEG4_John_Moolenaar","2018-01-19T00:00:00.000Z",12,37,7,15,0,41
"620270","LEG4_John_Moolenaar","2018-01-20T00:00:00.000Z",13,25,8,12,19,37
"620271","LEG4_John_Moolenaar","2018-01-21T00:00:00.000Z",9,20,7,0,22,51
"620272","LEG4_John_Moolenaar","2018-01-22T00:00:00.000Z",17,31,3,11,28,27
"620273","LEG4_John_Moolenaar","2018-01-23T00:00:00.000Z",11,40,0,13,0,47
"620274","LEG4_John_Moolenaar","2018-01-24T00:00:00.000Z",7,25,20,0,0,55
"620275","LEG4_John_Moolenaar","2018-01-25T00:00:00.000Z",5,12,0,23,12,53
"620276","LEG4_John_Moolenaar","2018-01-26T00:00:00.000Z",11,26,0,16,0,59
"620277","LEG4_John_Moolenaar","2018-01-27T00:00:00.000Z",5,37,12,0,0,51
"620278","LEG4_John_Moolenaar","2018-01-28T00:00:00.000Z",6,10,19,0,0,71
"620279","LEG4_John_Moolenaar","2018-01-29T00:00:00.000Z",12,62,9,5,9,15
"620280","LEG4_John_Moolenaar","2018-01-30T00:00:00.000Z",7,10,0,0,48,42
"620281","LEG4_John_Moolenaar","2018-01-31T00:00:00.000Z",7,9,18,48,0,26
"620282","LEG4_John_Moolenaar","2018-02-01T00:00:00.000Z",14,19,17,18,5,40
"620283","LEG4_John_Moolenaar","2018-02-02T00:00:00.000Z",11,42,0,11,28,19
"620284","LEG4_John_Moolenaar","2018-02-03T00:00:00.000Z",8,0,0,45,9,46
"620285","LEG4_John_Moolenaar","2018-02-04T00:00:00.000Z",9,11,11,35,8,35
"620286","LEG4_John_Moolenaar","2018-02-05T00:00:00.000Z",15,11,6,16,18,50
"620287","LEG4_John_Moolenaar","2018-02-06T00:00:00.000Z",11,10,0,16,11,64
"620288","LEG4_John_Moolenaar","2018-02-07T00:00:00.000Z",9,38,0,14,21,27
"620289","LEG4_John_Moolenaar","2018-02-08T00:00:00.000Z",8,10,0,38,0,52
"620290","LEG4_John_Moolenaar","2018-02-09T00:00:00.000Z",9,37,5,9,0,48
"620291","LEG4_John_Moolenaar","2018-02-10T00:00:00.000Z",13,27,10,20,18,24
"620292","LEG4_John_Moolenaar","2018-02-11T00:00:00.000Z",5,0,0,24,29,46
"620293","LEG4_John_Moolenaar","2018-02-12T00:00:00.000Z",8,30,14,13,8,35
"620294","LEG4_John_Moolenaar","2018-02-13T00:00:00.000Z",7,27,0,14,13,46
"620295","LEG4_John_Moolenaar","2018-02-14T00:00:00.000Z",14,26,0,8,23,43
"620296","LEG4_John_Moolenaar","2018-02-15T00:00:00.000Z",9,13,6,28,20,33
"620297","LEG4_John_Moolenaar","2018-02-16T00:00:00.000Z",9,27,8,0,13,52
"620298","LEG4_John_Moolenaar","2018-02-17T00:00:00.000Z",15,8,0,11,32,48
"620299","LEG4_John_Moolenaar","2018-02-18T00:00:00.000Z",6,20,0,29,10,41
"620300","LEG4_John_Moolenaar","2018-02-19T00:00:00.000Z",13,16,5,34,13,32
"620301","LEG4_John_Moolenaar","2018-02-20T00:00:00.000Z",10,44,18,27,0,11
"620302","LEG4_John_Moolenaar","2018-02-21T00:00:00.000Z",8,32,0,0,17,51
"620303","LEG4_John_Moolenaar","2018-02-22T00:00:00.000Z",10,42,0,6,12,40
"620304","LEG4_John_Moolenaar","2018-02-23T00:00:00.000Z",6,35,0,18,47,0
"620305","LEG4_John_Moolenaar","2018-02-24T00:00:00.000Z",9,43,0,7,0,50
"620306","LEG4_John_Moolenaar","2018-02-25T00:00:00.000Z",10,19,5,11,0,65
"620307","LEG4_John_Moolenaar","2018-02-26T00:00:00.000Z",10,20,0,6,22,52
"620308","LEG4_John_Moolenaar","2018-02-27T00:00:00.000Z",10,20,0,6,36,38
"620309","LEG4_John_Moolenaar","2018-02-28T00:00:00.000Z",6,30,8,28,0,34
"620310","LEG4_John_Moolenaar","2018-03-01T00:00:00.000Z",12,12,0,21,21,46
"620311","LEG4_John_Moolenaar","2018-03-02T00:00:00.000Z",9,28,7,8,16,42
"620312","LEG4_John_Moolenaar","2018-03-03T00:00:00.000Z",9,13,16,12,47,13
"620313","LEG4_John_Moolenaar","2018-03-04T00:00:00.000Z",12,26,0,18,6,50
"620314","LEG4_John_Moolenaar","2018-03-05T00:00:00.000Z",12,31,5,16,0,48
"620315","LEG4_John_Moolenaar","2018-03-06T00:00:00.000Z",12,26,14,5,0,56
"620316","LEG4_John_Moolenaar","2018-03-07T00:00:00.000Z",9,30,16,0,15,39
"620317","LEG4_John_Moolenaar","2018-03-08T00:00:00.000Z",10,38,0,5,7,50
"620318","LEG4_John_Moolenaar","2018-03-09T00:00:00.000Z",13,22,0,4,5,69
"620319","LEG4_John_Moolenaar","2018-03-10T00:00:00.000Z",9,0,16,26,24,33
"620320","LEG4_John_Moolenaar","2018-03-11T00:00:00.000Z",16,22,0,43,0,35
"620321","LEG4_John_Moolenaar","2018-03-12T00:00:00.000Z",17,19,0,25,30,26
"620322","LEG4_John_Moolenaar","2018-03-13T00:00:00.000Z",12,19,0,18,16,47
"620323","LEG4_John_Moolenaar","2018-03-14T00:00:00.000Z",12,21,0,21,12,46
"620324","LEG4_John_Moolenaar","2018-03-15T00:00:00.000Z",14,19,0,15,24,42
"620325","LEG4_John_Moolenaar","2018-03-16T00:00:00.000Z",12,47,0,19,0,34
"620326","LEG4_John_Moolenaar","2018-03-17T00:00:00.000Z",14,34,0,16,6,44
"620327","LEG4_John_Moolenaar","2018-03-18T00:00:00.000Z",11,31,0,5,15,49
"620328","LEG4_John_Moolenaar","2018-03-19T00:00:00.000Z",5,41,0,12,13,34
"620329","LEG4_John_Moolenaar","2018-03-20T00:00:00.000Z",11,19,18,14,12,38
"620330","LEG4_John_Moolenaar","2018-03-21T00:00:00.000Z",23,23,0,15,22,41
"620331","LEG4_John_Moolenaar","2018-03-22T00:00:00.000Z",16,17,0,40,9,34
"620332","LEG4_John_Moolenaar","2018-03-23T00:00:00.000Z",13,15,0,0,22,63
"620333","LEG4_John_Moolenaar","2018-03-24T00:00:00.000Z",15,20,0,38,9,32
"620334","LEG4_John_Moolenaar","2018-03-25T00:00:00.000Z",6,9,26,0,26,39
"620335","LEG4_John_Moolenaar","2018-03-26T00:00:00.000Z",7,0,0,21,0,79
"620336","LEG4_John_Moolenaar","2018-03-27T00:00:00.000Z",9,0,8,13,52,27
"620337","LEG4_John_Moolenaar","2018-03-28T00:00:00.000Z",11,34,0,18,31,17
"620338","LEG4_John_Moolenaar","2018-03-29T00:00:00.000Z",21,33,4,3,10,49
"620339","LEG4_John_Moolenaar","2018-03-30T00:00:00.000Z",9,23,5,9,5,58
"620340","LEG4_John_Moolenaar","2018-03-31T00:00:00.000Z",12,40,0,4,45,12
"620341","LEG4_John_Moolenaar","2018-04-01T00:00:00.000Z",12,27,0,31,8,34
"620342","LEG4_John_Moolenaar","2018-04-02T00:00:00.000Z",10,26,0,11,13,50
"620343","LEG4_John_Moolenaar","2018-04-03T00:00:00.000Z",16,6,12,26,3,53
"620344","LEG4_John_Moolenaar","2018-04-04T00:00:00.000Z",11,18,0,11,22,49
"620345","LEG4_John_Moolenaar","2018-04-05T00:00:00.000Z",12,18,4,4,18,56
"620346","LEG4_John_Moolenaar","2018-04-06T00:00:00.000Z",18,16,8,40,5,31
"620347","LEG4_John_Moolenaar","2018-04-07T00:00:00.000Z",17,15,15,16,8,47
"620348","LEG4_John_Moolenaar","2018-04-08T00:00:00.000Z",18,31,3,23,13,30
"620349","LEG4_John_Moolenaar","2018-04-09T00:00:00.000Z",13,0,0,36,34,30
"620350","LEG4_John_Moolenaar","2018-04-10T00:00:00.000Z",10,0,19,32,28,22
"620351","LEG4_John_Moolenaar","2018-04-11T00:00:00.000Z",12,34,8,8,13,37
"620352","LEG4_John_Moolenaar","2018-04-12T00:00:00.000Z",19,23,6,5,6,59
"620353","LEG4_John_Moolenaar","2018-04-13T00:00:00.000Z",15,14,13,20,5,49
"620354","LEG4_John_Moolenaar","2018-04-14T00:00:00.000Z",7,53,0,19,16,12
"620355","LEG4_John_Moolenaar","2018-04-15T00:00:00.000Z",13,20,0,28,9,42
"620356","LEG4_John_Moolenaar","2018-04-16T00:00:00.000Z",8,7,0,33,0,60
"620357","LEG4_John_Moolenaar","2018-04-17T00:00:00.000Z",22,18,0,30,11,41
"620358","LEG4_John_Moolenaar","2018-04-18T00:00:00.000Z",21,36,2,26,9,27
"620359","LEG4_John_Moolenaar","2018-04-19T00:00:00.000Z",10,23,0,11,21,46
"620360","LEG4_John_Moolenaar","2018-04-20T00:00:00.000Z",14,16,0,5,29,51
"620361","LEG4_John_Moolenaar","2018-04-21T00:00:00.000Z",7,15,0,0,50,35
"620362","LEG4_John_Moolenaar","2018-04-22T00:00:00.000Z",8,28,14,27,18,13
"620363","LEG4_John_Moolenaar","2018-04-23T00:00:00.000Z",12,0,13,38,10,39
"620364","LEG4_John_Moolenaar","2018-04-24T00:00:00.000Z",9,28,0,32,16,25
"620365","LEG4_John_Moolenaar","2018-04-25T00:00:00.000Z",6,10,0,0,0,90
"620366","LEG4_John_Moolenaar","2018-04-26T00:00:00.000Z",16,31,0,5,24,39
"620367","LEG4_John_Moolenaar","2018-04-27T00:00:00.000Z",13,22,12,24,9,32
"620368","LEG4_John_Moolenaar","2018-04-28T00:00:00.000Z",11,31,0,8,23,38
"620369","LEG4_John_Moolenaar","2018-04-29T00:00:00.000Z",9,23,0,37,0,40
"620370","LEG4_John_Moolenaar","2018-04-30T00:00:00.000Z",9,22,6,14,22,36
"620371","LEG4_John_Moolenaar","2018-05-01T00:00:00.000Z",11,21,5,5,35,34
"620372","LEG4_John_Moolenaar","2018-05-02T00:00:00.000Z",16,22,7,0,22,48
"620373","LEG4_John_Moolenaar","2018-05-03T00:00:00.000Z",16,28,0,27,23,22
"620374","LEG4_John_Moolenaar","2018-05-04T00:00:00.000Z",14,18,12,18,3,47
"620375","LEG4_John_Moolenaar","2018-05-05T00:00:00.000Z",13,39,18,14,4,23
"620376","LEG4_John_Moolenaar","2018-05-06T00:00:00.000Z",11,7,9,32,15,38
"620377","LEG4_John_Moolenaar","2018-05-07T00:00:00.000Z",12,19,8,33,11,28
"620378","LEG4_John_Moolenaar","2018-05-08T00:00:00.000Z",10,19,5,24,0,52
"620379","LEG4_John_Moolenaar","2018-05-09T00:00:00.000Z",13,22,0,31,16,30
"620380","LEG4_John_Moolenaar","2018-05-10T00:00:00.000Z",11,27,0,26,4,43
"620381","LEG4_John_Moolenaar","2018-05-11T00:00:00.000Z",11,11,0,6,14,68
"620382","LEG4_John_Moolenaar","2018-05-12T00:00:00.000Z",14,17,6,40,19,18
"620383","LEG4_John_Moolenaar","2018-05-13T00:00:00.000Z",10,11,15,19,33,22
"620384","LEG4_John_Moolenaar","2018-05-14T00:00:00.000Z",10,33,6,0,0,61
"620385","LEG4_John_Moolenaar","2018-05-15T00:00:00.000Z",19,16,0,30,25,30
"620386","LEG4_John_Moolenaar","2018-05-16T00:00:00.000Z",6,54,0,37,0,9
"620387","LEG4_John_Moolenaar","2018-05-17T00:00:00.000Z",10,15,0,18,18,49
"620388","LEG4_John_Moolenaar","2018-05-18T00:00:00.000Z",8,33,0,0,8,59
"620389","LEG4_John_Moolenaar","2018-05-19T00:00:00.000Z",12,23,0,32,24,21
"620390","LEG4_John_Moolenaar","2018-05-20T00:00:00.000Z",16,13,3,27,15,41
"620391","LEG4_John_Moolenaar","2018-05-21T00:00:00.000Z",14,45,4,12,4,35
"620392","LEG4_John_Moolenaar","2018-05-22T00:00:00.000Z",12,16,0,34,5,45
"620393","LEG4_John_Moolenaar","2018-05-23T00:00:00.000Z",16,15,0,4,37,44
"620394","LEG4_John_Moolenaar","2018-05-24T00:00:00.000Z",12,56,0,14,12,18
"620395","LEG4_John_Moolenaar","2018-05-25T00:00:00.000Z",5,12,0,0,34,54
"620396","LEG4_John_Moolenaar","2018-05-26T00:00:00.000Z",7,45,0,28,0,27
"620397","LEG4_John_Moolenaar","2018-05-27T00:00:00.000Z",12,13,12,0,0,75
"620398","LEG4_John_Moolenaar","2018-05-28T00:00:00.000Z",14,18,0,18,24,40
"620399","LEG4_John_Moolenaar","2018-05-29T00:00:00.000Z",11,10,5,49,12,24
"620400","LEG4_John_Moolenaar","2018-05-30T00:00:00.000Z",11,13,14,21,8,45
"620401","LEG4_John_Moolenaar","2018-05-31T00:00:00.000Z",11,52,0,5,17,25
"620402","LEG4_John_Moolenaar","2018-06-01T00:00:00.000Z",16,20,0,16,17,46
"620403","LEG4_John_Moolenaar","2018-06-02T00:00:00.000Z",16,35,0,21,10,34
"620404","LEG4_John_Moolenaar","2018-06-03T00:00:00.000Z",9,37,0,17,13,33
"620405","LEG4_John_Moolenaar","2018-06-04T00:00:00.000Z",12,24,0,38,5,34
"620406","LEG4_John_Moolenaar","2018-06-05T00:00:00.000Z",15,23,26,5,4,42
"620407","LEG4_John_Moolenaar","2018-06-06T00:00:00.000Z",13,37,13,14,0,35
"620408","LEG4_John_Moolenaar","2018-06-07T00:00:00.000Z",10,13,0,40,23,25
"620409","LEG4_John_Moolenaar","2018-06-08T00:00:00.000Z",11,25,15,17,20,23
"620410","LEG4_John_Moolenaar","2018-06-09T00:00:00.000Z",9,22,0,12,34,32
"620411","LEG4_John_Moolenaar","2018-06-10T00:00:00.000Z",11,30,6,22,0,42
"620412","LEG4_John_Moolenaar","2018-06-11T00:00:00.000Z",13,27,14,19,19,20
"620413","LEG4_John_Moolenaar","2018-06-12T00:00:00.000Z",11,17,16,22,13,32
"620414","LEG4_John_Moolenaar","2018-06-13T00:00:00.000Z",10,0,0,29,15,57
"620415","LEG4_John_Moolenaar","2018-06-14T00:00:00.000Z",4,0,25,0,0,75
"620416","LEG4_John_Moolenaar","2018-06-15T00:00:00.000Z",13,21,0,5,6,69
"620417","LEG4_John_Moolenaar","2018-06-16T00:00:00.000Z",14,17,4,21,13,45
"620418","LEG4_John_Moolenaar","2018-06-17T00:00:00.000Z",12,39,5,0,0,56
"620419","LEG4_John_Moolenaar","2018-06-18T00:00:00.000Z",15,11,5,23,29,32
"620420","LEG4_John_Moolenaar","2018-06-19T00:00:00.000Z",11,39,0,5,12,44
"620421","LEG4_John_Moolenaar","2018-06-20T00:00:00.000Z",13,46,0,0,9,46
"620422","LEG4_John_Moolenaar","2018-06-21T00:00:00.000Z",11,44,0,23,11,22
"620423","LEG4_John_Moolenaar","2018-06-22T00:00:00.000Z",14,16,0,12,45,27
"620424","LEG4_John_Moolenaar","2018-06-23T00:00:00.000Z",16,36,10,6,4,45
"620425","LEG4_John_Moolenaar","2018-06-24T00:00:00.000Z",13,9,0,16,37,38
"620426","LEG4_John_Moolenaar","2018-06-25T00:00:00.000Z",13,24,0,21,17,38
"620427","LEG4_John_Moolenaar","2018-06-26T00:00:00.000Z",10,0,0,44,21,35
"620428","LEG4_John_Moolenaar","2018-06-27T00:00:00.000Z",15,13,13,13,37,25
"620429","LEG4_John_Moolenaar","2018-06-28T00:00:00.000Z",16,21,0,28,8,43
"620430","LEG4_John_Moolenaar","2018-06-29T00:00:00.000Z",13,10,9,15,9,57
"620431","LEG4_John_Moolenaar","2018-06-30T00:00:00.000Z",16,15,0,28,33,24
"620432","LEG4_John_Moolenaar","2018-07-01T00:00:00.000Z",12,25,5,21,9,40
"620433","LEG4_John_Moolenaar","2018-07-02T00:00:00.000Z",10,14,0,7,6,73
"620434","LEG4_John_Moolenaar","2018-07-03T00:00:00.000Z",13,15,0,24,29,32
"620435","LEG4_John_Moolenaar","2018-07-04T00:00:00.000Z",13,18,9,0,27,46
"620436","LEG4_John_Moolenaar","2018-07-05T00:00:00.000Z",9,21,0,13,0,66
"620437","LEG4_John_Moolenaar","2018-07-06T00:00:00.000Z",9,15,0,58,0,27
"620438","LEG4_John_Moolenaar","2018-07-07T00:00:00.000Z",14,31,4,0,21,44
"620439","LEG4_John_Moolenaar","2018-07-08T00:00:00.000Z",9,0,16,28,6,51
"620440","LEG4_John_Moolenaar","2018-07-09T00:00:00.000Z",12,26,0,20,0,54
"620441","LEG4_John_Moolenaar","2018-07-10T00:00:00.000Z",17,12,0,23,27,38
"620442","LEG4_John_Moolenaar","2018-07-11T00:00:00.000Z",12,9,9,24,27,31
"620443","LEG4_John_Moolenaar","2018-07-12T00:00:00.000Z",13,14,6,29,0,52
"620444","LEG4_John_Moolenaar","2018-07-13T00:00:00.000Z",16,16,6,28,33,16
"620445","LEG4_John_Moolenaar","2018-07-14T00:00:00.000Z",16,52,9,26,0,12
"620446","LEG4_John_Moolenaar","2018-07-15T00:00:00.000Z",11,24,0,12,23,40
"620447","LEG4_John_Moolenaar","2018-07-16T00:00:00.000Z",13,30,4,23,21,21
"620448","LEG4_John_Moolenaar","2018-07-17T00:00:00.000Z",8,15,8,8,26,43
"620449","LEG4_John_Moolenaar","2018-07-18T00:00:00.000Z",15,27,0,9,9,55
"620450","LEG4_John_Moolenaar","2018-07-19T00:00:00.000Z",10,35,0,19,6,41
"620451","LEG4_John_Moolenaar","2018-07-20T00:00:00.000Z",12,13,9,40,8,30
"620452","LEG4_John_Moolenaar","2018-07-21T00:00:00.000Z",11,20,13,5,13,49
"620453","LEG4_John_Moolenaar","2018-07-22T00:00:00.000Z",13,29,9,11,10,42
"620454","LEG4_John_Moolenaar","2018-07-23T00:00:00.000Z",8,16,0,16,55,13
"620455","LEG4_John_Moolenaar","2018-07-24T00:00:00.000Z",17,22,0,16,10,52
"620456","LEG4_John_Moolenaar","2018-07-25T00:00:00.000Z",14,11,0,8,25,56
"620457","LEG4_John_Moolenaar","2018-07-26T00:00:00.000Z",14,34,0,34,12,19
"620458","LEG4_John_Moolenaar","2018-07-27T00:00:00.000Z",11,18,10,13,43,17
"620459","LEG4_John_Moolenaar","2018-07-28T00:00:00.000Z",15,9,15,5,41,31
"620460","LEG4_John_Moolenaar","2018-07-29T00:00:00.000Z",10,15,0,51,27,7
"620461","LEG4_John_Moolenaar","2018-07-30T00:00:00.000Z",16,9,0,35,20,36
"620462","LEG4_John_Moolenaar","2018-07-31T00:00:00.000Z",18,13,8,24,23,32
"620463","LEG4_John_Moolenaar","2018-08-01T00:00:00.000Z",10,6,0,14,0,80
"620464","LEG4_John_Moolenaar","2018-08-02T00:00:00.000Z",19,18,0,31,43,8
"620465","LEG4_John_Moolenaar","2018-08-03T00:00:00.000Z",9,19,0,32,13,35
"620466","LEG4_John_Moolenaar","2018-08-04T00:00:00.000Z",8,11,7,12,14,55
"620467","LEG4_John_Moolenaar","2018-08-05T00:00:00.000Z",10,14,19,15,18,35
"620468","LEG4_John_Moolenaar","2018-08-06T00:00:00.000Z",4,0,14,0,20,66
"620469","LEG4_John_Moolenaar","2018-08-07T00:00:00.000Z",10,6,5,22,16,50
"620470","LEG4_John_Moolenaar","2018-08-08T00:00:00.000Z",10,15,0,25,0,60
"620471","LEG4_John_Moolenaar","2018-08-09T00:00:00.000Z",15,38,6,36,11,10
"620472","LEG4_John_Moolenaar","2018-08-10T00:00:00.000Z",8,17,0,19,42,23
"620473","LEG4_John_Moolenaar","2018-08-11T00:00:00.000Z",12,26,11,11,5,48
"620474","LEG4_John_Moolenaar","2018-08-12T00:00:00.000Z",15,12,3,31,9,46
"620475","LEG4_John_Moolenaar","2018-08-13T00:00:00.000Z",16,16,9,20,24,31
"620476","LEG4_John_Moolenaar","2018-08-14T00:00:00.000Z",15,23,4,17,16,41
"620477","LEG4_John_Moolenaar","2018-08-15T00:00:00.000Z",12,16,0,17,16,52
"620478","LEG4_John_Moolenaar","2018-08-16T00:00:00.000Z",11,22,5,26,25,22
"620479","LEG4_John_Moolenaar","2018-08-17T00:00:00.000Z",11,0,11,25,24,40
"620480","LEG4_John_Moolenaar","2018-08-18T00:00:00.000Z",14,21,7,10,11,52
"620481","LEG4_John_Moolenaar","2018-08-19T00:00:00.000Z",8,59,0,10,7,24
"620482","LEG4_John_Moolenaar","2018-08-20T00:00:00.000Z",9,6,0,28,7,59
"620483","LEG4_John_Moolenaar","2018-08-21T00:00:00.000Z",14,10,27,10,22,29
"620484","LEG4_John_Moolenaar","2018-08-22T00:00:00.000Z",12,23,0,14,22,41
"620485","LEG4_John_Moolenaar","2018-08-23T00:00:00.000Z",9,0,14,0,15,72
"620486","LEG4_John_Moolenaar","2018-08-24T00:00:00.000Z",9,14,11,17,29,29
"620487","LEG4_John_Moolenaar","2018-08-25T00:00:00.000Z",22,9,0,18,21,52
"620488","LEG4_John_Moolenaar","2018-08-26T00:00:00.000Z",14,38,0,24,0,38
"620489","LEG4_John_Moolenaar","2018-08-27T00:00:00.000Z",15,18,0,35,14,33
"620490","LEG4_John_Moolenaar","2018-08-28T00:00:00.000Z",14,12,0,13,37,37
"620491","LEG4_John_Moolenaar","2018-08-29T00:00:00.000Z",6,32,36,23,0,9
"620492","LEG4_John_Moolenaar","2018-08-30T00:00:00.000Z",14,33,0,23,21,23
"620493","LEG4_John_Moolenaar","2018-08-31T00:00:00.000Z",11,34,0,21,13,33
"620494","LEG4_John_Moolenaar","2018-09-01T00:00:00.000Z",12,12,16,11,14,46
"620495","LEG4_John_Moolenaar","2018-09-02T00:00:00.000Z",18,20,3,40,11,26
"620496","LEG4_John_Moolenaar","2018-09-03T00:00:00.000Z",21,22,4,3,25,45
"620497","LEG4_John_Moolenaar","2018-09-04T00:00:00.000Z",11,43,6,6,6,38
"620498","LEG4_John_Moolenaar","2018-09-05T00:00:00.000Z",14,22,6,13,38,21
"620499","LEG4_John_Moolenaar","2018-09-06T00:00:00.000Z",15,19,0,26,9,46
"620500","LEG4_John_Moolenaar","2018-09-07T00:00:00.000Z",17,10,7,29,11,43
"620501","LEG4_John_Moolenaar","2018-09-08T00:00:00.000Z",8,20,0,20,17,43
"620502","LEG4_John_Moolenaar","2018-09-09T00:00:00.000Z",11,21,11,31,0,38
"620503","LEG4_John_Moolenaar","2018-09-10T00:00:00.000Z",9,48,0,12,7,33
"620504","LEG4_John_Moolenaar","2018-09-11T00:00:00.000Z",19,5,5,26,17,47
"620505","LEG4_John_Moolenaar","2018-09-12T00:00:00.000Z",18,36,3,15,12,34
"620506","LEG4_John_Moolenaar","2018-09-13T00:00:00.000Z",13,11,5,35,35,14
"620507","LEG4_John_Moolenaar","2018-09-14T00:00:00.000Z",15,4,8,30,9,49
"620508","LEG4_John_Moolenaar","2018-09-15T00:00:00.000Z",13,21,13,20,11,35
"620509","LEG4_John_Moolenaar","2018-09-16T00:00:00.000Z",7,9,0,29,54,9
"620510","LEG4_John_Moolenaar","2018-09-17T00:00:00.000Z",18,13,11,27,15,35
"620511","LEG4_John_Moolenaar","2018-09-18T00:00:00.000Z",19,13,18,16,8,45
"620512","LEG4_John_Moolenaar","2018-09-19T00:00:00.000Z",12,38,5,18,6,34
"620513","LEG4_John_Moolenaar","2018-09-20T00:00:00.000Z",11,0,16,8,21,55
"620514","LEG4_John_Moolenaar","2018-09-21T00:00:00.000Z",12,25,5,12,34,24
"620515","LEG4_John_Moolenaar","2018-09-22T00:00:00.000Z",20,3,0,6,32,59
"620516","LEG4_John_Moolenaar","2018-09-23T00:00:00.000Z",17,25,4,14,4,54
"620517","LEG4_John_Moolenaar","2018-09-24T00:00:00.000Z",21,46,0,7,13,34
"620518","LEG4_John_Moolenaar","2018-09-25T00:00:00.000Z",10,6,0,26,26,42
"620519","LEG4_John_Moolenaar","2018-09-26T00:00:00.000Z",16,16,8,14,8,55
"620520","LEG4_John_Moolenaar","2018-09-27T00:00:00.000Z",13,41,0,22,6,31
"620521","LEG4_John_Moolenaar","2018-09-28T00:00:00.000Z",14,53,0,17,14,16
"620522","LEG4_John_Moolenaar","2018-09-29T00:00:00.000Z",14,30,9,8,6,48
"620523","LEG4_John_Moolenaar","2018-09-30T00:00:00.000Z",21,9,8,19,6,58
"620524","LEG4_John_Moolenaar","2018-10-01T00:00:00.000Z",14,21,0,36,4,39
"620525","LEG4_John_Moolenaar","2018-10-02T00:00:00.000Z",11,41,0,5,0,54
"620526","LEG4_John_Moolenaar","2018-10-03T00:00:00.000Z",8,7,0,15,7,72
"620527","LEG4_John_Moolenaar","2018-10-04T00:00:00.000Z",7,30,0,32,0,39
"620528","LEG4_John_Moolenaar","2018-10-05T00:00:00.000Z",14,10,0,13,9,69
"620529","LEG4_John_Moolenaar","2018-10-06T00:00:00.000Z",10,32,0,12,17,39
"620530","LEG4_John_Moolenaar","2018-10-07T00:00:00.000Z",8,30,0,31,7,32
"620531","LEG4_John_Moolenaar","2018-10-08T00:00:00.000Z",8,18,0,7,6,70
"620532","LEG4_John_Moolenaar","2018-10-09T00:00:00.000Z",16,35,0,36,0,29
"620533","LEG4_John_Moolenaar","2018-10-10T00:00:00.000Z",19,22,10,7,3,58
"620534","LEG4_John_Moolenaar","2018-10-11T00:00:00.000Z",14,39,0,20,3,38
"620535","LEG4_John_Moolenaar","2018-10-12T00:00:00.000Z",15,27,9,7,0,57
"620536","LEG4_John_Moolenaar","2018-10-13T00:00:00.000Z",14,21,0,21,0,58
"620537","LEG4_John_Moolenaar","2018-10-14T00:00:00.000Z",15,15,0,13,0,72
"620538","LEG4_John_Moolenaar","2018-10-15T00:00:00.000Z",11,36,0,40,5,19
"620539","LEG4_John_Moolenaar","2018-10-16T00:00:00.000Z",13,17,0,24,0,59
"620540","LEG4_John_Moolenaar","2018-10-17T00:00:00.000Z",20,23,0,31,21,25
"620541","LEG4_John_Moolenaar","2018-10-18T00:00:00.000Z",18,22,0,21,15,42
"620542","LEG4_John_Moolenaar","2018-10-19T00:00:00.000Z",19,24,7,13,19,37
"620543","LEG4_John_Moolenaar","2018-10-20T00:00:00.000Z",19,19,8,21,5,46
"620544","LEG4_John_Moolenaar","2018-10-21T00:00:00.000Z",23,30,5,17,17,31
"620545","LEG4_John_Moolenaar","2018-10-22T00:00:00.000Z",9,16,0,26,0,58
"620546","LEG4_John_Moolenaar","2018-10-23T00:00:00.000Z",16,25,23,7,35,10
"620547","LEG4_John_Moolenaar","2018-10-24T00:00:00.000Z",16,51,17,0,14,18
"620548","LEG4_John_Moolenaar","2018-10-25T00:00:00.000Z",13,0,21,22,39,18
"620549","LEG4_John_Moolenaar","2018-10-26T00:00:00.000Z",14,26,0,17,11,46
"620550","LEG4_John_Moolenaar","2018-10-27T00:00:00.000Z",8,22,24,32,6,16
"620551","LEG4_John_Moolenaar","2018-10-28T00:00:00.000Z",12,50,0,14,0,36
"620552","LEG4_John_Moolenaar","2018-10-29T00:00:00.000Z",23,27,0,10,25,38
"620553","LEG4_John_Moolenaar","2018-10-30T00:00:00.000Z",14,9,3,24,3,61
"620554","LEG4_John_Moolenaar","2018-10-31T00:00:00.000Z",14,27,0,34,8,31
"620555","LEG4_John_Moolenaar","2018-11-01T00:00:00.000Z",11,35,11,21,7,26
"620556","LEG4_John_Moolenaar","2018-11-02T00:00:00.000Z",9,40,0,6,9,45
"620557","LEG4_John_Moolenaar","2018-11-03T00:00:00.000Z",15,29,7,4,20,39
"620558","LEG4_John_Moolenaar","2018-11-04T00:00:00.000Z",13,39,0,21,9,31
"620559","LEG4_John_Moolenaar","2018-11-05T00:00:00.000Z",14,22,0,15,12,51
"620560","LEG4_John_Moolenaar","2018-11-06T00:00:00.000Z",5,21,0,12,17,50
"620561","LEG4_John_Moolenaar","2018-11-07T00:00:00.000Z",13,10,12,10,13,55
"620562","LEG4_John_Moolenaar","2018-11-08T00:00:00.000Z",15,37,10,10,13,30
"620563","LEG4_John_Moolenaar","2018-11-09T00:00:00.000Z",23,19,14,34,0,33
"620564","LEG4_John_Moolenaar","2018-11-10T00:00:00.000Z",12,40,8,22,0,30
"620565","LEG4_John_Moolenaar","2018-11-11T00:00:00.000Z",13,14,0,23,9,53
"620566","LEG4_John_Moolenaar","2018-11-12T00:00:00.000Z",18,28,4,16,14,37
"620567","LEG4_John_Moolenaar","2018-11-13T00:00:00.000Z",9,28,17,22,7,27
"620568","LEG4_John_Moolenaar","2018-11-14T00:00:00.000Z",19,21,3,12,7,57
"620569","LEG4_John_Moolenaar","2018-11-15T00:00:00.000Z",18,36,4,10,6,44
"620570","LEG4_John_Moolenaar","2018-11-16T00:00:00.000Z",12,23,4,24,16,32
"620571","LEG4_John_Moolenaar","2018-11-17T00:00:00.000Z",10,19,4,23,30,24
"620572","LEG4_John_Moolenaar","2018-11-18T00:00:00.000Z",21,33,0,26,3,39
"620573","LEG4_John_Moolenaar","2018-11-19T00:00:00.000Z",22,30,13,38,3,17
"620574","LEG4_John_Moolenaar","2018-11-20T00:00:00.000Z",20,28,3,8,11,50
"620575","LEG4_John_Moolenaar","2018-11-21T00:00:00.000Z",14,25,0,5,31,38
"620576","LEG4_John_Moolenaar","2018-11-22T00:00:00.000Z",13,23,0,11,4,62
"620577","LEG4_John_Moolenaar","2018-11-23T00:00:00.000Z",12,11,0,0,0,89
"620578","LEG4_John_Moolenaar","2018-11-24T00:00:00.000Z",15,7,4,35,8,47
"620579","LEG4_John_Moolenaar","2018-11-25T00:00:00.000Z",18,32,8,17,13,30
"620580","LEG4_John_Moolenaar","2018-11-26T00:00:00.000Z",17,10,7,25,3,54
"620581","LEG4_John_Moolenaar","2018-11-27T00:00:00.000Z",17,22,6,17,10,45
"620582","LEG4_John_Moolenaar","2018-11-28T00:00:00.000Z",17,38,6,13,0,43
"620583","LEG4_John_Moolenaar","2018-11-29T00:00:00.000Z",11,14,21,13,25,27
"620584","LEG4_John_Moolenaar","2018-11-30T00:00:00.000Z",14,18,0,45,0,37
"620585","LEG4_John_Moolenaar","2018-12-01T00:00:00.000Z",14,9,8,26,26,32
"620586","LEG4_John_Moolenaar","2018-12-02T00:00:00.000Z",11,49,0,29,5,17
"620587","LEG4_John_Moolenaar","2018-12-03T00:00:00.000Z",19,22,3,15,3,57
"620588","LEG4_John_Moolenaar","2018-12-04T00:00:00.000Z",12,28,0,30,16,25
"620589","LEG4_John_Moolenaar","2018-12-05T00:00:00.000Z",23,17,9,16,6,51
"620590","LEG4_John_Moolenaar","2018-12-06T00:00:00.000Z",16,12,4,38,6,40
"620591","LEG4_John_Moolenaar","2018-12-07T00:00:00.000Z",15,37,0,15,18,30
"620592","LEG4_John_Moolenaar","2018-12-08T00:00:00.000Z",19,7,0,32,10,51
"620593","LEG4_John_Moolenaar","2018-12-09T00:00:00.000Z",18,13,0,43,7,37
"620594","LEG4_John_Moolenaar","2018-12-10T00:00:00.000Z",21,6,8,18,18,51
"620595","LEG4_John_Moolenaar","2018-12-11T00:00:00.000Z",14,36,19,12,0,33
"620596","LEG4_John_Moolenaar","2018-12-12T00:00:00.000Z",20,37,6,16,17,23
"620597","LEG4_John_Moolenaar","2018-12-13T00:00:00.000Z",10,37,12,6,0,45
"620598","LEG4_John_Moolenaar","2018-12-14T00:00:00.000Z",17,40,19,0,10,31
"620599","LEG4_John_Moolenaar","2018-12-15T00:00:00.000Z",15,26,0,12,29,33
"620600","LEG4_John_Moolenaar","2018-12-16T00:00:00.000Z",25,23,23,8,22,24
"620601","LEG4_John_Moolenaar","2018-12-17T00:00:00.000Z",16,31,0,7,16,47
"620602","LEG4_John_Moolenaar","2018-12-18T00:00:00.000Z",21,19,5,14,5,56
"620603","LEG4_John_Moolenaar","2018-12-19T00:00:00.000Z",9,33,17,0,24,25
"620604","LEG4_John_Moolenaar","2018-12-20T00:00:00.000Z",11,9,0,31,7,54
"620605","LEG4_John_Moolenaar","2018-12-21T00:00:00.000Z",12,40,8,7,8,37
"620606","LEG4_John_Moolenaar","2018-12-22T00:00:00.000Z",11,47,11,15,0,27
"620607","LEG4_John_Moolenaar","2018-12-23T00:00:00.000Z",19,19,6,10,15,51
"620608","LEG4_John_Moolenaar","2018-12-24T00:00:00.000Z",13,18,13,19,4,46
"620609","LEG4_John_Moolenaar","2018-12-25T00:00:00.000Z",15,28,0,34,17,21
"620610","LEG4_John_Moolenaar","2018-12-26T00:00:00.000Z",10,45,0,16,6,33
"620611","LEG4_John_Moolenaar","2018-12-27T00:00:00.000Z",14,9,4,21,7,58
"620612","LEG4_John_Moolenaar","2018-12-28T00:00:00.000Z",17,19,6,14,13,49
"620613","LEG4_John_Moolenaar","2018-12-29T00:00:00.000Z",13,20,0,15,18,47
"620614","LEG4_John_Moolenaar","2018-12-30T00:00:00.000Z",14,34,0,24,10,33
"620615","LEG4_John_Moolenaar","2018-12-31T00:00:00.000Z",12,24,6,51,14,5
"620616","LEG4_John_Moolenaar","2019-01-01T00:00:00.000Z",19,33,6,14,10,37
"620617","LEG4_John_Moolenaar","2019-01-02T00:00:00.000Z",13,42,0,10,10,37
"620618","LEG4_John_Moolenaar","2019-01-03T00:00:00.000Z",11,16,0,36,11,37
"620619","LEG4_John_Moolenaar","2019-01-04T00:00:00.000Z",17,16,9,8,24,43
"620620","LEG4_John_Moolenaar","2019-01-05T00:00:00.000Z",18,10,0,20,20,50
"620621","LEG4_John_Moolenaar","2019-01-06T00:00:00.000Z",14,25,13,9,4,47
"620622","LEG4_John_Moolenaar","2019-01-07T00:00:00.000Z",20,28,0,6,13,53
"620623","LEG4_John_Moolenaar","2019-01-08T00:00:00.000Z",18,26,3,8,7,56
"620624","LEG4_John_Moolenaar","2019-01-09T00:00:00.000Z",19,33,3,12,3,49
"620625","LEG4_John_Moolenaar","2019-01-10T00:00:00.000Z",19,24,19,6,0,50
"620626","LEG4_John_Moolenaar","2019-01-11T00:00:00.000Z",15,33,9,6,13,39
"620627","LEG4_John_Moolenaar","2019-01-12T00:00:00.000Z",18,28,9,0,21,43
"620628","LEG4_John_Moolenaar","2019-01-13T00:00:00.000Z",15,15,7,15,16,48
"620629","LEG4_John_Moolenaar","2019-01-14T00:00:00.000Z",24,34,4,18,12,33
"620630","LEG4_John_Moolenaar","2019-01-15T00:00:00.000Z",10,42,8,12,6,31
"620631","LEG4_John_Moolenaar","2019-01-16T00:00:00.000Z",13,42,5,9,4,40
"620632","LEG4_John_Moolenaar","2019-01-17T00:00:00.000Z",15,42,6,18,20,13
"620633","LEG4_John_Moolenaar","2019-01-18T00:00:00.000Z",18,34,9,16,17,24
"620634","LEG4_John_Moolenaar","2019-01-19T00:00:00.000Z",22,22,14,15,17,32
"620635","LEG4_John_Moolenaar","2019-01-20T00:00:00.000Z",19,14,0,21,9,56
"620636","LEG4_John_Moolenaar","2019-01-21T00:00:00.000Z",8,31,0,9,15,46
"620637","LEG4_John_Moolenaar","2019-01-22T00:00:00.000Z",17,20,8,14,20,39
"620638","LEG4_John_Moolenaar","2019-01-23T00:00:00.000Z",12,13,0,15,8,64
"620639","LEG4_John_Moolenaar","2019-01-24T00:00:00.000Z",17,14,0,9,20,56
"620640","LEG4_John_Moolenaar","2019-01-25T00:00:00.000Z",16,23,9,10,7,51
"620641","LEG4_John_Moolenaar","2019-01-26T00:00:00.000Z",16,25,0,0,27,48
"620642","LEG4_John_Moolenaar","2019-01-27T00:00:00.000Z",14,21,0,32,0,47
"620643","LEG4_John_Moolenaar","2019-01-28T00:00:00.000Z",15,32,4,12,9,43
"620644","LEG4_John_Moolenaar","2019-01-29T00:00:00.000Z",27,19,5,20,7,49
"620645","LEG4_John_Moolenaar","2019-01-30T00:00:00.000Z",23,30,14,17,9,30
"620646","LEG4_John_Moolenaar","2019-01-31T00:00:00.000Z",17,31,3,9,35,22
"620647","LEG4_John_Moolenaar","2019-02-01T00:00:00.000Z",19,20,0,26,7,47
"620648","LEG4_John_Moolenaar","2019-02-02T00:00:00.000Z",17,22,19,10,15,34
"620649","LEG4_John_Moolenaar","2019-02-03T00:00:00.000Z",15,14,22,8,27,29
"620650","LEG4_John_Moolenaar","2019-02-04T00:00:00.000Z",20,36,16,9,14,25
"620651","LEG4_John_Moolenaar","2019-02-05T00:00:00.000Z",16,25,7,3,12,53
"620652","LEG4_John_Moolenaar","2019-02-06T00:00:00.000Z",14,18,4,5,4,69
"620653","LEG4_John_Moolenaar","2019-02-07T00:00:00.000Z",13,25,0,15,0,60
"620654","LEG4_John_Moolenaar","2019-02-08T00:00:00.000Z",16,15,7,35,12,30
"620655","LEG4_John_Moolenaar","2019-02-09T00:00:00.000Z",21,14,3,33,18,32
"620656","LEG4_John_Moolenaar","2019-02-10T00:00:00.000Z",24,9,0,16,5,70
"620657","LEG4_John_Moolenaar","2019-02-11T00:00:00.000Z",19,14,0,19,0,67
"620658","LEG4_John_Moolenaar","2019-02-12T00:00:00.000Z",18,4,4,36,12,45
"620659","LEG4_John_Moolenaar","2019-02-13T00:00:00.000Z",24,44,0,9,16,30
"620660","LEG4_John_Moolenaar","2019-02-14T00:00:00.000Z",18,11,4,21,14,50
"620661","LEG4_John_Moolenaar","2019-02-15T00:00:00.000Z",25,13,10,29,11,37
"620662","LEG4_John_Moolenaar","2019-02-16T00:00:00.000Z",13,29,5,7,4,55
"620663","LEG4_John_Moolenaar","2019-02-17T00:00:00.000Z",18,10,6,21,8,55
"620664","LEG4_John_Moolenaar","2019-02-18T00:00:00.000Z",22,52,5,17,0,26
"620665","LEG4_John_Moolenaar","2019-02-19T00:00:00.000Z",24,21,12,11,13,44
"620666","LEG4_John_Moolenaar","2019-02-20T00:00:00.000Z",30,25,6,9,14,45
"620667","LEG4_John_Moolenaar","2019-02-21T00:00:00.000Z",20,21,11,8,13,48
"620668","LEG4_John_Moolenaar","2019-02-22T00:00:00.000Z",17,28,4,31,6,31
"620669","LEG4_John_Moolenaar","2019-02-23T00:00:00.000Z",11,23,0,45,10,23
"620670","LEG4_John_Moolenaar","2019-02-24T00:00:00.000Z",18,33,8,10,16,33
"620671","LEG4_John_Moolenaar","2019-02-25T00:00:00.000Z",13,39,0,4,9,48
"620672","LEG4_John_Moolenaar","2019-02-26T00:00:00.000Z",22,19,0,22,4,55
"620673","LEG4_John_Moolenaar","2019-02-27T00:00:00.000Z",15,30,3,11,0,56
"620674","LEG4_John_Moolenaar","2019-02-28T00:00:00.000Z",10,16,5,38,7,33
"620675","LEG4_John_Moolenaar","2019-03-01T00:00:00.000Z",18,15,3,7,3,72
"620676","LEG4_John_Moolenaar","2019-03-02T00:00:00.000Z",11,19,13,26,7,35
"620677","LEG4_John_Moolenaar","2019-03-03T00:00:00.000Z",24,20,5,15,6,54
"620678","LEG4_John_Moolenaar","2019-03-04T00:00:00.000Z",18,3,6,10,14,67
"620679","LEG4_John_Moolenaar","2019-03-05T00:00:00.000Z",11,27,0,27,14,32
"620680","LEG4_John_Moolenaar","2019-03-06T00:00:00.000Z",21,17,6,10,14,52
"620681","LEG4_John_Moolenaar","2019-03-07T00:00:00.000Z",18,8,5,22,26,39
"620682","LEG4_John_Moolenaar","2019-03-08T00:00:00.000Z",19,27,2,11,8,52
"620683","LEG4_John_Moolenaar","2019-03-09T00:00:00.000Z",18,18,0,23,9,50
"620684","LEG4_John_Moolenaar","2019-03-10T00:00:00.000Z",13,34,10,17,0,39
"620685","LEG4_John_Moolenaar","2019-03-11T00:00:00.000Z",16,20,13,7,16,44
"620686","LEG4_John_Moolenaar","2019-03-12T00:00:00.000Z",15,34,4,15,0,47
"620687","LEG4_John_Moolenaar","2019-03-13T00:00:00.000Z",15,19,0,15,8,58
"620688","LEG4_John_Moolenaar","2019-03-14T00:00:00.000Z",26,31,2,17,18,32
"620689","LEG4_John_Moolenaar","2019-03-15T00:00:00.000Z",10,16,5,14,0,65
"620690","LEG4_John_Moolenaar","2019-03-16T00:00:00.000Z",13,5,11,7,13,64
"620691","LEG4_John_Moolenaar","2019-03-17T00:00:00.000Z",15,22,0,22,0,56
"620692","LEG4_John_Moolenaar","2019-03-18T00:00:00.000Z",26,19,0,16,9,56
"620693","LEG4_John_Moolenaar","2019-03-19T00:00:00.000Z",19,26,18,16,8,31
"620694","LEG4_John_Moolenaar","2019-03-20T00:00:00.000Z",20,22,0,23,9,46
"620695","LEG4_John_Moolenaar","2019-03-21T00:00:00.000Z",12,25,8,18,22,27
"620696","LEG4_John_Moolenaar","2019-03-22T00:00:00.000Z",12,25,12,13,12,39
"620697","LEG4_John_Moolenaar","2019-03-23T00:00:00.000Z",13,34,17,14,0,35
"620698","LEG4_John_Moolenaar","2019-03-24T00:00:00.000Z",11,9,7,17,41,27
"620699","LEG4_John_Moolenaar","2019-03-25T00:00:00.000Z",16,15,5,24,11,45
"620700","LEG4_John_Moolenaar","2019-03-26T00:00:00.000Z",23,34,0,36,6,24
"620701","LEG4_John_Moolenaar","2019-03-27T00:00:00.000Z",9,13,0,5,19,63
"620702","LEG4_John_Moolenaar","2019-03-28T00:00:00.000Z",9,19,15,12,5,48
"620703","LEG4_John_Moolenaar","2019-03-29T00:00:00.000Z",12,20,0,13,17,50
"620704","LEG4_John_Moolenaar","2019-03-30T00:00:00.000Z",16,31,4,3,22,39
"620705","LEG4_John_Moolenaar","2019-03-31T00:00:00.000Z",9,23,0,18,26,33
"620706","LEG4_John_Moolenaar","2019-04-01T00:00:00.000Z",24,27,5,14,14,40
"620707","LEG4_John_Moolenaar","2019-04-02T00:00:00.000Z",13,11,0,8,26,55
"620708","LEG4_John_Moolenaar","2019-04-03T00:00:00.000Z",8,7,0,9,24,60
"620709","LEG4_John_Moolenaar","2019-04-04T00:00:00.000Z",12,24,0,21,21,35
"620710","LEG4_John_Moolenaar","2019-04-05T00:00:00.000Z",16,23,5,13,12,46
"620711","LEG4_John_Moolenaar","2019-04-06T00:00:00.000Z",18,5,8,33,15,39
"620712","LEG4_John_Moolenaar","2019-04-07T00:00:00.000Z",21,11,12,8,21,49
"620713","LEG4_John_Moolenaar","2019-04-08T00:00:00.000Z",14,48,4,0,17,31
"620714","LEG4_John_Moolenaar","2019-04-09T00:00:00.000Z",22,11,0,39,9,41
"620715","LEG4_John_Moolenaar","2019-04-10T00:00:00.000Z",11,24,15,5,0,56
"620716","LEG4_John_Moolenaar","2019-04-11T00:00:00.000Z",13,32,0,14,26,28
"620717","LEG4_John_Moolenaar","2019-04-12T00:00:00.000Z",20,26,2,11,18,43
"620718","LEG4_John_Moolenaar","2019-04-13T00:00:00.000Z",9,23,0,13,21,42
"620719","LEG4_John_Moolenaar","2019-04-14T00:00:00.000Z",11,30,11,0,24,34
"620720","LEG4_John_Moolenaar","2019-04-15T00:00:00.000Z",18,55,3,7,15,20
"620721","LEG4_John_Moolenaar","2019-04-16T00:00:00.000Z",15,28,0,24,15,33
"620722","LEG4_John_Moolenaar","2019-04-17T00:00:00.000Z",12,19,14,13,0,55
"620723","LEG4_John_Moolenaar","2019-04-18T00:00:00.000Z",10,34,0,0,0,66
"620724","LEG4_John_Moolenaar","2019-04-19T00:00:00.000Z",10,10,0,22,20,48
"620725","LEG4_John_Moolenaar","2019-04-20T00:00:00.000Z",21,30,0,11,18,41
"620726","LEG4_John_Moolenaar","2019-04-21T00:00:00.000Z",18,31,0,24,4,42
"620727","LEG4_John_Moolenaar","2019-04-22T00:00:00.000Z",19,24,10,14,11,41
"620728","LEG4_John_Moolenaar","2019-04-23T00:00:00.000Z",20,16,0,16,10,59
"620729","LEG4_John_Moolenaar","2019-04-24T00:00:00.000Z",12,25,4,0,26,45
"620730","LEG4_John_Moolenaar","2019-04-25T00:00:00.000Z",13,16,22,14,11,37
"620731","LEG4_John_Moolenaar","2019-04-26T00:00:00.000Z",21,23,4,25,24,24
"620732","LEG4_John_Moolenaar","2019-04-27T00:00:00.000Z",18,44,4,10,27,16
"620733","LEG4_John_Moolenaar","2019-04-28T00:00:00.000Z",12,21,0,16,4,58
"620734","LEG4_John_Moolenaar","2019-04-29T00:00:00.000Z",17,27,0,4,3,66
"620735","LEG4_John_Moolenaar","2019-04-30T00:00:00.000Z",17,26,0,9,7,58
"620736","LEG4_John_Moolenaar","2019-05-01T00:00:00.000Z",24,28,12,11,5,44
"620737","LEG4_John_Moolenaar","2019-05-02T00:00:00.000Z",14,32,11,4,14,39
"620738","LEG4_John_Moolenaar","2019-05-03T00:00:00.000Z",18,13,8,25,0,54
"620739","LEG4_John_Moolenaar","2019-05-04T00:00:00.000Z",10,30,0,0,7,63
"620740","LEG4_John_Moolenaar","2019-05-05T00:00:00.000Z",13,23,0,18,6,53
"620741","LEG4_John_Moolenaar","2019-05-06T00:00:00.000Z",18,21,15,21,9,34
"620742","LEG4_John_Moolenaar","2019-05-07T00:00:00.000Z",17,20,7,23,15,35
"620743","LEG4_John_Moolenaar","2019-05-08T00:00:00.000Z",17,26,0,16,20,38
"620744","LEG4_John_Moolenaar","2019-05-09T00:00:00.000Z",18,21,3,21,8,46
"620745","LEG4_John_Moolenaar","2019-05-10T00:00:00.000Z",20,6,8,17,20,49
"620746","LEG4_John_Moolenaar","2019-05-11T00:00:00.000Z",21,17,8,33,7,34
"620747","LEG4_John_Moolenaar","2019-05-12T00:00:00.000Z",13,32,4,21,15,28
"620748","LEG4_John_Moolenaar","2019-05-13T00:00:00.000Z",19,8,0,16,30,47
"620749","LEG4_John_Moolenaar","2019-05-14T00:00:00.000Z",20,26,4,9,17,45
"620750","LEG4_John_Moolenaar","2019-05-15T00:00:00.000Z",16,47,0,18,0,35
"620751","LEG4_John_Moolenaar","2019-05-16T00:00:00.000Z",14,0,0,46,13,40
"620752","LEG4_John_Moolenaar","2019-05-17T00:00:00.000Z",16,15,18,23,6,38
"620753","LEG4_John_Moolenaar","2019-05-18T00:00:00.000Z",12,30,5,10,41,15
"620754","LEG4_John_Moolenaar","2019-05-19T00:00:00.000Z",15,9,6,16,7,61
"620755","LEG4_John_Moolenaar","2019-05-20T00:00:00.000Z",18,21,6,28,13,33
"620756","LEG4_John_Moolenaar","2019-05-21T00:00:00.000Z",13,19,4,0,28,48
"620757","LEG4_John_Moolenaar","2019-05-22T00:00:00.000Z",22,24,0,14,23,40
"620758","LEG4_John_Moolenaar","2019-05-23T00:00:00.000Z",14,3,9,32,22,34
"620759","LEG4_John_Moolenaar","2019-05-24T00:00:00.000Z",25,8,7,15,9,61
"620760","LEG4_John_Moolenaar","2019-05-25T00:00:00.000Z",19,13,13,9,8,57
"620761","LEG4_John_Moolenaar","2019-05-26T00:00:00.000Z",13,40,5,10,18,26
"620762","LEG4_John_Moolenaar","2019-05-27T00:00:00.000Z",20,17,5,16,7,55
"620763","LEG4_John_Moolenaar","2019-05-28T00:00:00.000Z",10,25,15,20,9,31
"620764","LEG4_John_Moolenaar","2019-05-29T00:00:00.000Z",19,17,3,22,26,32
"620765","LEG4_John_Moolenaar","2019-05-30T00:00:00.000Z",26,26,11,15,18,30
"620766","LEG4_John_Moolenaar","2019-05-31T00:00:00.000Z",24,22,6,20,8,43
"620767","LEG4_John_Moolenaar","2019-06-01T00:00:00.000Z",16,11,10,30,20,28
"620768","LEG4_John_Moolenaar","2019-06-02T00:00:00.000Z",17,12,20,0,8,60
"620769","LEG4_John_Moolenaar","2019-06-03T00:00:00.000Z",21,26,3,4,7,60
"620770","LEG4_John_Moolenaar","2019-06-04T00:00:00.000Z",19,23,23,0,6,48
"620771","LEG4_John_Moolenaar","2019-06-05T00:00:00.000Z",18,20,0,14,19,47
"620772","LEG4_John_Moolenaar","2019-06-06T00:00:00.000Z",16,19,0,27,0,54
"620773","LEG4_John_Moolenaar","2019-06-07T00:00:00.000Z",19,42,5,10,11,32
"620774","LEG4_John_Moolenaar","2019-06-08T00:00:00.000Z",16,10,0,13,44,34
"620775","LEG4_John_Moolenaar","2019-06-09T00:00:00.000Z",13,27,9,13,5,46
"620776","LEG4_John_Moolenaar","2019-06-10T00:00:00.000Z",16,5,5,11,28,51
"620777","LEG4_John_Moolenaar","2019-06-11T00:00:00.000Z",13,39,11,5,18,27
"620778","LEG4_John_Moolenaar","2019-06-12T00:00:00.000Z",13,26,6,4,18,46
"620779","LEG4_John_Moolenaar","2019-06-13T00:00:00.000Z",19,26,3,3,12,56
"620780","LEG4_John_Moolenaar","2019-06-14T00:00:00.000Z",19,24,3,4,24,45
"620781","LEG4_John_Moolenaar","2019-06-15T00:00:00.000Z",25,43,3,7,21,26
"620782","LEG4_John_Moolenaar","2019-06-16T00:00:00.000Z",19,31,7,14,20,28
"620783","LEG4_John_Moolenaar","2019-06-17T00:00:00.000Z",22,17,9,18,19,37
"620784","LEG4_John_Moolenaar","2019-06-18T00:00:00.000Z",24,17,6,21,24,32
"620785","LEG4_John_Moolenaar","2019-06-19T00:00:00.000Z",16,18,3,9,8,62
"620786","LEG4_John_Moolenaar","2019-06-20T00:00:00.000Z",12,23,6,0,11,60
"620787","LEG4_John_Moolenaar","2019-06-21T00:00:00.000Z",17,13,10,36,30,10
"620788","LEG4_John_Moolenaar","2019-06-22T00:00:00.000Z",16,32,12,4,29,24
"620789","LEG4_John_Moolenaar","2019-06-23T00:00:00.000Z",13,13,0,5,32,50
"620790","LEG4_John_Moolenaar","2019-06-24T00:00:00.000Z",18,24,7,12,40,18
"620791","LEG4_John_Moolenaar","2019-06-25T00:00:00.000Z",23,27,0,31,5,38
"620792","LEG4_John_Moolenaar","2019-06-26T00:00:00.000Z",13,21,0,7,6,67
"620793","LEG4_John_Moolenaar","2019-06-27T00:00:00.000Z",15,6,0,29,12,53
"620794","LEG4_John_Moolenaar","2019-06-28T00:00:00.000Z",14,45,5,8,0,42
"620795","LEG4_John_Moolenaar","2019-06-29T00:00:00.000Z",17,20,4,7,14,54
"620796","LEG4_John_Moolenaar","2019-06-30T00:00:00.000Z",13,10,9,13,13,55
"620797","LEG4_John_Moolenaar","2019-07-01T00:00:00.000Z",17,34,22,11,0,33
"620798","LEG4_John_Moolenaar","2019-07-02T00:00:00.000Z",15,9,5,13,11,64
"620799","LEG4_John_Moolenaar","2019-07-03T00:00:00.000Z",21,26,0,31,21,21
"620800","LEG4_John_Moolenaar","2019-07-04T00:00:00.000Z",14,52,5,0,30,13
"620801","LEG4_John_Moolenaar","2019-07-05T00:00:00.000Z",16,21,0,12,18,49
"620802","LEG4_John_Moolenaar","2019-07-06T00:00:00.000Z",19,14,6,41,17,22
"620803","LEG4_John_Moolenaar","2019-07-07T00:00:00.000Z",19,36,0,7,8,49
"620804","LEG4_John_Moolenaar","2019-07-08T00:00:00.000Z",12,28,6,23,23,20
"620805","LEG4_John_Moolenaar","2019-07-09T00:00:00.000Z",17,38,3,13,8,38
"620806","LEG4_John_Moolenaar","2019-07-10T00:00:00.000Z",24,23,7,18,31,20
"620807","LEG4_John_Moolenaar","2019-07-11T00:00:00.000Z",19,11,0,9,44,37
"620808","LEG4_John_Moolenaar","2019-07-12T00:00:00.000Z",23,25,7,4,16,48
"620809","LEG4_John_Moolenaar","2019-07-13T00:00:00.000Z",23,36,4,14,24,23
"620810","LEG4_John_Moolenaar","2019-07-14T00:00:00.000Z",21,15,11,9,24,41
"620811","LEG4_John_Moolenaar","2019-07-15T00:00:00.000Z",10,8,0,34,5,54
"620812","LEG4_John_Moolenaar","2019-07-16T00:00:00.000Z",14,27,0,37,11,25
"620813","LEG4_John_Moolenaar","2019-07-17T00:00:00.000Z",17,30,9,15,0,46
"620814","LEG4_John_Moolenaar","2019-07-18T00:00:00.000Z",18,30,11,18,2,39
"620815","LEG4_John_Moolenaar","2019-07-19T00:00:00.000Z",17,44,0,4,35,17
"620816","LEG4_John_Moolenaar","2019-07-20T00:00:00.000Z",17,25,9,20,8,37
"620817","LEG4_John_Moolenaar","2019-07-21T00:00:00.000Z",20,15,3,38,30,14
"620818","LEG4_John_Moolenaar","2019-07-22T00:00:00.000Z",18,10,4,4,29,53
"620819","LEG4_John_Moolenaar","2019-07-23T00:00:00.000Z",20,21,8,0,18,53
"620820","LEG4_John_Moolenaar","2019-07-24T00:00:00.000Z",22,22,10,17,22,30
"620821","LEG4_John_Moolenaar","2019-07-25T00:00:00.000Z",11,31,0,0,50,19
"620822","LEG4_John_Moolenaar","2019-07-26T00:00:00.000Z",21,25,9,18,12,36
"620823","LEG4_John_Moolenaar","2019-07-27T00:00:00.000Z",9,0,0,33,0,67
"620824","LEG4_John_Moolenaar","2019-07-28T00:00:00.000Z",27,11,5,13,20,51
"620825","LEG4_John_Moolenaar","2019-07-29T00:00:00.000Z",25,40,7,13,10,31
"620826","LEG4_John_Moolenaar","2019-07-30T00:00:00.000Z",14,13,8,18,23,38
"620827","LEG4_John_Moolenaar","2019-07-31T00:00:00.000Z",22,8,12,19,30,31
"620828","LEG4_John_Moolenaar","2019-08-01T00:00:00.000Z",11,26,4,23,9,37
"620829","LEG4_John_Moolenaar","2019-08-02T00:00:00.000Z",16,28,14,18,22,18
"620830","LEG4_John_Moolenaar","2019-08-03T00:00:00.000Z",23,14,0,27,11,48
"620831","LEG4_John_Moolenaar","2019-08-04T00:00:00.000Z",16,16,14,14,30,26
"620832","LEG4_John_Moolenaar","2019-08-05T00:00:00.000Z",31,21,0,6,17,56
"620833","LEG4_John_Moolenaar","2019-08-06T00:00:00.000Z",17,43,0,13,5,39
"620834","LEG4_John_Moolenaar","2019-08-07T00:00:00.000Z",20,9,3,9,11,69
"620835","LEG4_John_Moolenaar","2019-08-08T00:00:00.000Z",21,17,6,8,25,44
"620836","LEG4_John_Moolenaar","2019-08-09T00:00:00.000Z",16,20,9,9,18,44
"620837","LEG4_John_Moolenaar","2019-08-10T00:00:00.000Z",23,34,0,36,10,20
"620838","LEG4_John_Moolenaar","2019-08-11T00:00:00.000Z",17,20,0,19,0,61
"620839","LEG4_John_Moolenaar","2019-08-12T00:00:00.000Z",24,30,0,19,11,40
"620840","LEG4_John_Moolenaar","2019-08-13T00:00:00.000Z",17,15,0,25,30,31
"620841","LEG4_John_Moolenaar","2019-08-14T00:00:00.000Z",21,21,8,20,21,29
"620842","LEG4_John_Moolenaar","2019-08-15T00:00:00.000Z",20,20,0,5,30,45
"620843","LEG4_John_Moolenaar","2019-08-16T00:00:00.000Z",23,14,0,11,23,53
"620844","LEG4_John_Moolenaar","2019-08-17T00:00:00.000Z",25,18,5,20,12,44
"620845","LEG4_John_Moolenaar","2019-08-18T00:00:00.000Z",20,22,11,17,9,40
"620846","LEG4_John_Moolenaar","2019-08-19T00:00:00.000Z",8,25,8,33,20,15
"620847","LEG4_John_Moolenaar","2019-08-20T00:00:00.000Z",23,22,0,17,15,45
"620848","LEG4_John_Moolenaar","2019-08-21T00:00:00.000Z",19,20,4,3,19,55
"620849","LEG4_John_Moolenaar","2019-08-22T00:00:00.000Z",12,6,0,17,10,67
"620850","LEG4_John_Moolenaar","2019-08-23T00:00:00.000Z",18,23,16,5,14,42
"620851","LEG4_John_Moolenaar","2019-08-24T00:00:00.000Z",19,13,16,30,8,33
"620852","LEG4_John_Moolenaar","2019-08-25T00:00:00.000Z",19,25,11,29,18,17
"620853","LEG4_John_Moolenaar","2019-08-26T00:00:00.000Z",22,14,3,15,27,40
"620854","LEG4_John_Moolenaar","2019-08-27T00:00:00.000Z",14,0,0,18,33,49
"620855","LEG4_John_Moolenaar","2019-08-28T00:00:00.000Z",21,15,0,21,7,57
"620856","LEG4_John_Moolenaar","2019-08-29T00:00:00.000Z",18,12,0,14,8,66
"620857","LEG4_John_Moolenaar","2019-08-30T00:00:00.000Z",26,13,2,14,21,50
"620858","LEG4_John_Moolenaar","2019-08-31T00:00:00.000Z",15,16,15,13,0,56
"620859","LEG4_John_Moolenaar","2019-09-01T00:00:00.000Z",14,16,5,4,12,63
"620860","LEG4_John_Moolenaar","2019-09-02T00:00:00.000Z",27,12,3,37,18,31
"620861","LEG4_John_Moolenaar","2019-09-03T00:00:00.000Z",20,32,0,15,8,45
"620862","LEG4_John_Moolenaar","2019-09-04T00:00:00.000Z",19,22,13,12,3,50
"620863","LEG4_John_Moolenaar","2019-09-05T00:00:00.000Z",26,15,5,9,22,49
"620864","LEG4_John_Moolenaar","2019-09-06T00:00:00.000Z",21,18,3,24,21,34
"620865","LEG4_John_Moolenaar","2019-09-07T00:00:00.000Z",13,27,0,4,7,62
"620866","LEG4_John_Moolenaar","2019-09-08T00:00:00.000Z",10,51,0,17,26,6
"620867","LEG4_John_Moolenaar","2019-09-09T00:00:00.000Z",18,15,16,8,16,45
"620868","LEG4_John_Moolenaar","2019-09-10T00:00:00.000Z",20,27,10,22,5,35
"620869","LEG4_John_Moolenaar","2019-09-11T00:00:00.000Z",23,12,5,23,15,45
"620870","LEG4_John_Moolenaar","2019-09-12T00:00:00.000Z",22,36,0,18,19,28
"620871","LEG4_John_Moolenaar","2019-09-13T00:00:00.000Z",17,31,0,16,13,40
"620872","LEG4_John_Moolenaar","2019-09-14T00:00:00.000Z",15,7,0,33,13,47
"620873","LEG4_John_Moolenaar","2019-09-15T00:00:00.000Z",18,40,14,18,9,20
"620874","LEG4_John_Moolenaar","2019-09-16T00:00:00.000Z",13,24,0,25,8,42
"620875","LEG4_John_Moolenaar","2019-09-17T00:00:00.000Z",20,27,0,29,3,42
"620876","LEG4_John_Moolenaar","2019-09-18T00:00:00.000Z",19,24,0,26,26,24
"620877","LEG4_John_Moolenaar","2019-09-19T00:00:00.000Z",16,21,4,21,11,43
"620878","LEG4_John_Moolenaar","2019-09-20T00:00:00.000Z",19,24,6,17,7,46
"620879","LEG4_John_Moolenaar","2019-09-21T00:00:00.000Z",16,13,0,3,44,40
"620880","LEG4_John_Moolenaar","2019-09-22T00:00:00.000Z",25,20,5,7,12,56
"620881","LEG4_John_Moolenaar","2019-09-23T00:00:00.000Z",27,15,13,9,26,37
"620882","LEG4_John_Moolenaar","2019-09-24T00:00:00.000Z",19,17,0,26,17,40
"620883","LEG4_John_Moolenaar","2019-09-25T00:00:00.000Z",19,8,3,31,12,46
"620884","LEG4_John_Moolenaar","2019-09-26T00:00:00.000Z",21,10,4,26,3,57
"620885","LEG4_John_Moolenaar","2019-09-27T00:00:00.000Z",13,37,0,15,10,38
"620886","LEG4_John_Moolenaar","2019-09-28T00:00:00.000Z",14,11,0,24,16,48
"620887","LEG4_John_Moolenaar","2019-09-29T00:00:00.000Z",16,19,4,5,15,58
"620888","LEG4_John_Moolenaar","2019-09-30T00:00:00.000Z",15,25,0,5,24,46
"620889","LEG4_John_Moolenaar","2019-10-01T00:00:00.000Z",18,12,8,8,20,53
"620890","LEG4_John_Moolenaar","2019-10-02T00:00:00.000Z",24,24,0,24,11,41
"620891","LEG4_John_Moolenaar","2019-10-03T00:00:00.000Z",21,16,0,12,14,59
"620892","LEG4_John_Moolenaar","2019-10-04T00:00:00.000Z",20,21,0,12,22,45
"620893","LEG4_John_Moolenaar","2019-10-05T00:00:00.000Z",22,32,2,8,9,48
"620894","LEG4_John_Moolenaar","2019-10-06T00:00:00.000Z",21,12,9,36,9,33
"620895","LEG4_John_Moolenaar","2019-10-07T00:00:00.000Z",11,18,0,33,14,35
"620896","LEG4_John_Moolenaar","2019-10-08T00:00:00.000Z",14,15,0,17,31,37
"620897","LEG4_John_Moolenaar","2019-10-09T00:00:00.000Z",19,14,4,14,15,53
"620898","LEG4_John_Moolenaar","2019-10-10T00:00:00.000Z",18,16,6,32,10,36
"620899","LEG4_John_Moolenaar","2019-10-11T00:00:00.000Z",22,8,0,4,34,53
"620900","LEG4_John_Moolenaar","2019-10-12T00:00:00.000Z",18,10,7,11,25,48
"620901","LEG4_John_Moolenaar","2019-10-13T00:00:00.000Z",16,17,3,32,20,28
"620902","LEG4_John_Moolenaar","2019-10-14T00:00:00.000Z",15,34,11,14,12,29
"620903","LEG4_John_Moolenaar","2019-10-15T00:00:00.000Z",12,21,0,9,39,31
"620904","LEG4_John_Moolenaar","2019-10-16T00:00:00.000Z",18,18,0,28,24,30
"620905","LEG4_John_Moolenaar","2019-10-17T00:00:00.000Z",13,43,15,23,4,14
"620906","LEG4_John_Moolenaar","2019-10-18T00:00:00.000Z",22,4,7,28,19,41
"620907","LEG4_John_Moolenaar","2019-10-19T00:00:00.000Z",15,21,3,31,4,41
"620908","LEG4_John_Moolenaar","2019-10-20T00:00:00.000Z",21,17,13,23,5,42
"620909","LEG4_John_Moolenaar","2019-10-21T00:00:00.000Z",18,15,0,21,16,48
"620910","LEG4_John_Moolenaar","2019-10-22T00:00:00.000Z",12,17,0,8,10,66
"620911","LEG4_John_Moolenaar","2019-10-23T00:00:00.000Z",19,15,11,19,15,41
"620912","LEG4_John_Moolenaar","2019-10-24T00:00:00.000Z",10,14,12,8,13,53
"620913","LEG4_John_Moolenaar","2019-10-25T00:00:00.000Z",18,30,7,10,20,34
"620914","LEG4_John_Moolenaar","2019-10-26T00:00:00.000Z",18,14,0,21,18,47
"620915","LEG4_John_Moolenaar","2019-10-27T00:00:00.000Z",13,14,6,32,13,36
"620916","LEG4_John_Moolenaar","2019-10-28T00:00:00.000Z",17,12,4,14,17,54
"620917","LEG4_John_Moolenaar","2019-10-29T00:00:00.000Z",21,22,2,17,17,42
"620918","LEG4_John_Moolenaar","2019-10-30T00:00:00.000Z",20,14,11,11,11,53
"620919","LEG4_John_Moolenaar","2019-10-31T00:00:00.000Z",14,7,9,15,21,49
"620920","LEG4_John_Moolenaar","2019-11-01T00:00:00.000Z",7,16,0,40,0,44
"620921","LEG4_John_Moolenaar","2019-11-02T00:00:00.000Z",10,19,0,17,12,52
"620922","LEG4_John_Moolenaar","2019-11-03T00:00:00.000Z",16,18,3,26,18,35
"620923","LEG4_John_Moolenaar","2019-11-04T00:00:00.000Z",25,18,3,30,10,39
"620924","LEG4_John_Moolenaar","2019-11-05T00:00:00.000Z",20,15,11,16,16,41
"620925","LEG4_John_Moolenaar","2019-11-06T00:00:00.000Z",11,18,0,28,0,54
"620926","LEG4_John_Moolenaar","2019-11-07T00:00:00.000Z",24,20,0,2,8,71
"620927","LEG4_John_Moolenaar","2019-11-08T00:00:00.000Z",20,24,0,31,8,37
"620928","LEG4_John_Moolenaar","2019-11-09T00:00:00.000Z",17,24,0,27,15,34
"620929","LEG4_John_Moolenaar","2019-11-10T00:00:00.000Z",16,8,6,5,21,60
"620930","LEG4_John_Moolenaar","2019-11-11T00:00:00.000Z",18,20,0,14,19,48
"620931","LEG4_John_Moolenaar","2019-11-12T00:00:00.000Z",12,25,8,6,26,34
"620932","LEG4_John_Moolenaar","2019-11-13T00:00:00.000Z",22,40,0,19,14,27
"620933","LEG4_John_Moolenaar","2019-11-14T00:00:00.000Z",19,14,6,8,20,53
"620934","LEG4_John_Moolenaar","2019-11-15T00:00:00.000Z",17,13,12,8,26,41
"620935","LEG4_John_Moolenaar","2019-11-16T00:00:00.000Z",24,21,4,28,20,27
"620936","LEG4_John_Moolenaar","2019-11-17T00:00:00.000Z",21,9,4,6,22,59
"620937","LEG4_John_Moolenaar","2019-11-18T00:00:00.000Z",16,30,4,28,8,31
"620938","LEG4_John_Moolenaar","2019-11-19T00:00:00.000Z",23,27,5,19,6,42
"620939","LEG4_John_Moolenaar","2019-11-20T00:00:00.000Z",20,25,3,10,32,30
"620940","LEG4_John_Moolenaar","2019-11-21T00:00:00.000Z",13,22,5,33,13,27
"620941","LEG4_John_Moolenaar","2019-11-22T00:00:00.000Z",16,17,0,27,18,38
"620942","LEG4_John_Moolenaar","2019-11-23T00:00:00.000Z",13,26,9,6,23,35
"620943","LEG4_John_Moolenaar","2019-11-24T00:00:00.000Z",16,7,4,15,28,47
"620944","LEG4_John_Moolenaar","2019-11-25T00:00:00.000Z",24,16,4,18,16,45
"620945","LEG4_John_Moolenaar","2019-11-26T00:00:00.000Z",15,19,6,19,6,49
"620946","LEG4_John_Moolenaar","2019-11-27T00:00:00.000Z",12,9,10,27,34,22
"620947","LEG4_John_Moolenaar","2019-11-28T00:00:00.000Z",14,13,12,22,17,36
"620948","LEG4_John_Moolenaar","2019-11-29T00:00:00.000Z",16,53,6,4,14,22
"620949","LEG4_John_Moolenaar","2019-11-30T00:00:00.000Z",18,0,8,17,27,47
"620950","LEG4_John_Moolenaar","2019-12-01T00:00:00.000Z",23,43,6,23,6,22
"620951","LEG4_John_Moolenaar","2019-12-02T00:00:00.000Z",22,21,6,6,26,40
"620952","LEG4_John_Moolenaar","2019-12-03T00:00:00.000Z",16,35,19,12,17,17
"620953","LEG4_John_Moolenaar","2019-12-04T00:00:00.000Z",22,31,18,12,13,25
"620954","LEG4_John_Moolenaar","2019-12-05T00:00:00.000Z",16,32,20,0,15,34
"620955","LEG4_John_Moolenaar","2019-12-06T00:00:00.000Z",17,14,10,10,20,47
"620956","LEG4_John_Moolenaar","2019-12-07T00:00:00.000Z",15,6,4,21,13,56
"620957","LEG4_John_Moolenaar","2019-12-08T00:00:00.000Z",8,16,12,6,18,48
"620958","LEG4_John_Moolenaar","2019-12-09T00:00:00.000Z",25,15,8,13,10,55
"620959","LEG4_John_Moolenaar","2019-12-10T00:00:00.000Z",16,11,10,19,25,35
"620960","LEG4_John_Moolenaar","2019-12-11T00:00:00.000Z",16,14,7,6,18,55
"620961","LEG4_John_Moolenaar","2019-12-12T00:00:00.000Z",18,15,6,5,29,45
"620962","LEG4_John_Moolenaar","2019-12-13T00:00:00.000Z",16,51,0,10,18,21
"620963","LEG4_John_Moolenaar","2019-12-14T00:00:00.000Z",13,28,0,32,19,20
"620964","LEG4_John_Moolenaar","2019-12-15T00:00:00.000Z",17,15,5,10,15,55
"620965","LEG4_John_Moolenaar","2019-12-16T00:00:00.000Z",19,10,3,18,10,59
"620966","LEG4_John_Moolenaar","2019-12-17T00:00:00.000Z",11,17,0,5,10,68
"620967","LEG4_John_Moolenaar","2019-12-18T00:00:00.000Z",12,20,4,29,21,27
"620968","LEG4_John_Moolenaar","2019-12-19T00:00:00.000Z",11,25,4,21,15,35
"620969","LEG4_John_Moolenaar","2019-12-20T00:00:00.000Z",17,24,7,7,42,20
"620970","LEG4_John_Moolenaar","2019-12-21T00:00:00.000Z",21,12,10,19,29,30
"620971","LEG4_John_Moolenaar","2019-12-22T00:00:00.000Z",19,6,8,17,45,23
"620972","LEG4_John_Moolenaar","2019-12-23T00:00:00.000Z",14,24,4,4,24,43
"620973","LEG4_John_Moolenaar","2019-12-24T00:00:00.000Z",22,29,5,3,33,30
"620974","LEG4_John_Moolenaar","2019-12-25T00:00:00.000Z",16,9,10,15,4,62
"620975","LEG4_John_Moolenaar","2019-12-26T00:00:00.000Z",23,6,12,9,15,57
"620976","LEG4_John_Moolenaar","2019-12-27T00:00:00.000Z",18,21,4,20,5,50
"620977","LEG4_John_Moolenaar","2019-12-28T00:00:00.000Z",21,17,9,10,17,46
"620978","LEG4_John_Moolenaar","2019-12-29T00:00:00.000Z",17,15,5,13,19,49
"620979","LEG4_John_Moolenaar","2019-12-30T00:00:00.000Z",23,27,4,21,25,24
"620980","LEG4_John_Moolenaar","2019-12-31T00:00:00.000Z",23,24,7,19,14,35
"620981","LEG4_John_Moolenaar","2020-01-01T00:00:00.000Z",18,11,3,19,14,53
"620982","LEG4_John_Moolenaar","2020-01-02T00:00:00.000Z",21,24,6,6,13,51
"620983","LEG4_John_Moolenaar","2020-01-03T00:00:00.000Z",15,40,8,10,17,25
"620984","LEG4_John_Moolenaar","2020-01-04T00:00:00.000Z",17,11,13,4,28,44
"620985","LEG4_John_Moolenaar","2020-01-05T00:00:00.000Z",27,11,3,23,32,31
"620986","LEG4_John_Moolenaar","2020-01-06T00:00:00.000Z",12,7,17,30,16,30
"620987","LEG4_John_Moolenaar","2020-01-07T00:00:00.000Z",15,26,0,16,28,31
"620988","LEG4_John_Moolenaar","2020-01-08T00:00:00.000Z",16,16,13,30,14,28
"620989","LEG4_John_Moolenaar","2020-01-09T00:00:00.000Z",23,35,0,16,14,36
"620990","LEG4_John_Moolenaar","2020-01-10T00:00:00.000Z",19,12,3,27,4,55
"620991","LEG4_John_Moolenaar","2020-01-11T00:00:00.000Z",12,14,0,12,29,44
"620992","LEG4_John_Moolenaar","2020-01-12T00:00:00.000Z",24,19,12,14,10,45
"620993","LEG4_John_Moolenaar","2020-01-13T00:00:00.000Z",18,14,14,26,13,34
"620994","LEG4_John_Moolenaar","2020-01-14T00:00:00.000Z",25,2,5,29,22,42
"620995","LEG4_John_Moolenaar","2020-01-15T00:00:00.000Z",14,15,7,9,25,44
"620996","LEG4_John_Moolenaar","2020-01-16T00:00:00.000Z",16,7,3,4,30,56
"620997","LEG4_John_Moolenaar","2020-01-17T00:00:00.000Z",28,21,9,18,11,42
"620998","LEG4_John_Moolenaar","2020-01-18T00:00:00.000Z",18,10,24,11,10,46
"620999","LEG4_John_Moolenaar","2020-01-19T00:00:00.000Z",27,22,3,26,8,42
"621000","LEG4_John_Moolenaar","2020-01-20T00:00:00.000Z",19,32,9,11,12,36
"621001","LEG4_John_Moolenaar","2020-01-21T00:00:00.000Z",14,13,0,25,38,24
"621002","LEG4_John_Moolenaar","2020-01-22T00:00:00.000Z",13,20,25,16,0,40
"621003","LEG4_John_Moolenaar","2020-01-23T00:00:00.000Z",22,11,0,18,28,42
"621004","LEG4_John_Moolenaar","2020-01-24T00:00:00.000Z",20,31,2,7,28,32
"621005","LEG4_John_Moolenaar","2020-01-25T00:00:00.000Z",15,36,0,9,7,48
"621006","LEG4_John_Moolenaar","2020-01-26T00:00:00.000Z",21,23,0,30,22,24
"621007","LEG4_John_Moolenaar","2020-01-27T00:00:00.000Z",17,14,11,24,18,32
"621008","LEG4_John_Moolenaar","2020-01-28T00:00:00.000Z",18,19,9,17,34,21
"621009","LEG4_John_Moolenaar","2020-01-29T00:00:00.000Z",16,21,3,17,9,49
"621010","LEG4_John_Moolenaar","2020-01-30T00:00:00.000Z",16,22,7,27,18,26
"621011","LEG4_John_Moolenaar","2020-01-31T00:00:00.000Z",26,21,3,8,11,57
"621012","LEG4_John_Moolenaar","2020-02-01T00:00:00.000Z",19,29,0,10,6,56
"621013","LEG4_John_Moolenaar","2020-02-02T00:00:00.000Z",22,18,3,22,11,46
"621014","LEG4_John_Moolenaar","2020-02-03T00:00:00.000Z",25,7,0,37,23,32
"621015","LEG4_John_Moolenaar","2020-02-04T00:00:00.000Z",28,16,17,22,21,23
"621016","LEG4_John_Moolenaar","2020-02-05T00:00:00.000Z",12,8,16,23,36,18
"621017","LEG4_John_Moolenaar","2020-02-06T00:00:00.000Z",15,32,0,9,28,30
"621018","LEG4_John_Moolenaar","2020-02-07T00:00:00.000Z",16,16,17,23,16,28
"621019","LEG4_John_Moolenaar","2020-02-08T00:00:00.000Z",24,38,0,19,17,26
"621020","LEG4_John_Moolenaar","2020-02-09T00:00:00.000Z",20,27,6,16,29,22
"621021","LEG4_John_Moolenaar","2020-02-10T00:00:00.000Z",22,23,4,20,9,45
"621022","LEG4_John_Moolenaar","2020-02-11T00:00:00.000Z",26,14,2,16,27,41
"621023","LEG4_John_Moolenaar","2020-02-12T00:00:00.000Z",9,35,0,7,35,23
"621024","LEG4_John_Moolenaar","2020-02-13T00:00:00.000Z",12,31,7,15,0,47
"621025","LEG4_John_Moolenaar","2020-02-14T00:00:00.000Z",27,23,4,16,19,37
"621026","LEG4_John_Moolenaar","2020-02-15T00:00:00.000Z",20,22,6,12,18,41
"621027","LEG4_John_Moolenaar","2020-02-16T00:00:00.000Z",15,10,12,18,15,45
"621028","LEG4_John_Moolenaar","2020-02-17T00:00:00.000Z",20,28,11,19,4,38
"621029","LEG4_John_Moolenaar","2020-02-18T00:00:00.000Z",16,22,13,17,4,44
"621030","LEG4_John_Moolenaar","2020-02-19T00:00:00.000Z",18,9,12,28,12,39
"621031","LEG4_John_Moolenaar","2020-02-20T00:00:00.000Z",23,20,2,0,31,46
"621032","LEG4_John_Moolenaar","2020-02-21T00:00:00.000Z",15,11,14,20,19,36
"621033","LEG4_John_Moolenaar","2020-02-22T00:00:00.000Z",21,17,12,3,29,39
"621034","LEG4_John_Moolenaar","2020-02-23T00:00:00.000Z",27,27,2,20,23,27
"621035","LEG4_John_Moolenaar","2020-02-24T00:00:00.000Z",28,27,0,23,8,42
"621036","LEG4_John_Moolenaar","2020-02-25T00:00:00.000Z",12,11,16,40,21,12
"621037","LEG4_John_Moolenaar","2020-02-26T00:00:00.000Z",17,31,0,7,19,43
"621038","LEG4_John_Moolenaar","2020-02-27T00:00:00.000Z",24,12,4,11,25,48
"621039","LEG4_John_Moolenaar","2020-02-28T00:00:00.000Z",22,25,0,27,24,24
"621040","LEG4_John_Moolenaar","2020-02-29T00:00:00.000Z",14,39,11,9,0,41
"621041","LEG4_John_Moolenaar","2020-03-01T00:00:00.000Z",18,26,0,27,11,35
"621042","LEG4_John_Moolenaar","2020-03-02T00:00:00.000Z",25,11,7,29,24,28
"621043","LEG4_John_Moolenaar","2020-03-03T00:00:00.000Z",19,21,0,15,7,58
"621044","LEG4_John_Moolenaar","2020-03-04T00:00:00.000Z",23,18,2,17,2,60
"621045","LEG4_John_Moolenaar","2020-03-05T00:00:00.000Z",17,27,9,18,8,38
"621046","LEG4_John_Moolenaar","2020-03-06T00:00:00.000Z",20,17,6,3,32,42
"621047","LEG4_John_Moolenaar","2020-03-07T00:00:00.000Z",15,4,5,20,15,56
"621048","LEG4_John_Moolenaar","2020-03-08T00:00:00.000Z",19,29,0,21,28,22
"621049","LEG4_John_Moolenaar","2020-03-09T00:00:00.000Z",14,11,5,21,45,18
"621050","LEG4_John_Moolenaar","2020-03-10T00:00:00.000Z",23,25,15,24,9,26
"621051","LEG4_John_Moolenaar","2020-03-11T00:00:00.000Z",17,9,14,19,30,28
"621052","LEG4_John_Moolenaar","2020-03-12T00:00:00.000Z",9,26,0,41,10,23
"621053","LEG4_John_Moolenaar","2020-03-13T00:00:00.000Z",12,28,0,16,26,30
"621054","LEG4_John_Moolenaar","2020-03-14T00:00:00.000Z",15,16,0,22,15,48
"621055","LEG4_John_Moolenaar","2020-03-15T00:00:00.000Z",21,31,0,21,13,35
"621056","LEG4_John_Moolenaar","2020-03-16T00:00:00.000Z",15,17,8,11,46,18
"621057","LEG4_John_Moolenaar","2020-03-17T00:00:00.000Z",24,26,3,27,11,33
"621058","LEG4_John_Moolenaar","2020-03-18T00:00:00.000Z",14,30,0,24,7,39
"621059","LEG4_John_Moolenaar","2020-03-19T00:00:00.000Z",21,14,4,32,7,43
"621060","LEG4_John_Moolenaar","2020-03-20T00:00:00.000Z",18,23,0,24,28,26
"621061","LEG4_John_Moolenaar","2020-03-21T00:00:00.000Z",17,37,3,18,12,29
"621062","LEG4_John_Moolenaar","2020-03-22T00:00:00.000Z",16,41,13,22,0,24
"621063","LEG4_John_Moolenaar","2020-03-23T00:00:00.000Z",16,17,8,9,24,42
"621064","LEG4_John_Moolenaar","2020-03-24T00:00:00.000Z",4,20,0,23,0,57
"621065","LEG4_John_Moolenaar","2020-03-25T00:00:00.000Z",22,21,5,26,16,31
"621066","LEG4_John_Moolenaar","2020-03-26T00:00:00.000Z",14,18,6,13,26,37
"621067","LEG4_John_Moolenaar","2020-03-27T00:00:00.000Z",24,27,14,0,9,50
"621068","LEG4_John_Moolenaar","2020-03-28T00:00:00.000Z",17,10,0,14,30,47
"621069","LEG4_John_Moolenaar","2020-03-29T00:00:00.000Z",16,16,0,12,24,48
"621070","LEG4_John_Moolenaar","2020-03-30T00:00:00.000Z",15,41,16,11,9,23
"621071","LEG4_John_Moolenaar","2020-03-31T00:00:00.000Z",17,17,19,10,30,25
"621072","LEG4_John_Moolenaar","2020-04-01T00:00:00.000Z",18,38,7,9,16,30
"621073","LEG4_John_Moolenaar","2020-04-02T00:00:00.000Z",16,43,0,10,4,43
"621074","LEG4_John_Moolenaar","2020-04-03T00:00:00.000Z",9,22,0,18,35,25
"621075","LEG4_John_Moolenaar","2020-04-04T00:00:00.000Z",9,38,0,9,16,37
"621076","LEG4_John_Moolenaar","2020-04-05T00:00:00.000Z",23,36,10,17,15,22
"621077","LEG4_John_Moolenaar","2020-04-06T00:00:00.000Z",15,26,5,8,25,36
"621078","LEG4_John_Moolenaar","2020-04-07T00:00:00.000Z",9,18,0,21,23,38
"621079","LEG4_John_Moolenaar","2020-04-08T00:00:00.000Z",10,14,0,7,45,35
"621080","LEG4_John_Moolenaar","2020-04-09T00:00:00.000Z",16,18,0,25,16,42
"621081","LEG4_John_Moolenaar","2020-04-10T00:00:00.000Z",19,22,11,27,12,28
"621082","LEG4_John_Moolenaar","2020-04-11T00:00:00.000Z",14,22,11,13,17,36
"621083","LEG4_John_Moolenaar","2020-04-12T00:00:00.000Z",8,24,20,17,0,39
"621084","LEG4_John_Moolenaar","2020-04-13T00:00:00.000Z",14,25,7,0,23,46
"621085","LEG4_John_Moolenaar","2020-04-14T00:00:00.000Z",12,21,0,32,0,48
"621086","LEG4_John_Moolenaar","2020-04-15T00:00:00.000Z",16,39,0,9,10,41
"621087","LEG4_John_Moolenaar","2020-04-16T00:00:00.000Z",9,40,8,0,8,44
"621088","LEG4_John_Moolenaar","2020-04-17T00:00:00.000Z",10,0,8,0,19,73
"621089","LEG4_John_Moolenaar","2020-04-18T00:00:00.000Z",14,29,30,0,12,29
"621090","LEG4_John_Moolenaar","2020-04-19T00:00:00.000Z",15,25,6,27,25,18
"621091","LEG4_John_Moolenaar","2020-04-20T00:00:00.000Z",16,28,12,28,18,15
"621092","LEG4_John_Moolenaar","2020-04-21T00:00:00.000Z",10,16,0,8,23,54
"621093","LEG4_John_Moolenaar","2020-04-22T00:00:00.000Z",12,38,6,18,16,22
"621094","LEG4_John_Moolenaar","2020-04-23T00:00:00.000Z",15,23,7,26,15,30
"621095","LEG4_John_Moolenaar","2020-04-24T00:00:00.000Z",9,23,0,36,0,41
"621096","LEG4_John_Moolenaar","2020-04-25T00:00:00.000Z",17,25,7,21,7,41
"621097","LEG4_John_Moolenaar","2020-04-26T00:00:00.000Z",12,21,25,0,23,31
"621098","LEG4_John_Moolenaar","2020-04-27T00:00:00.000Z",16,14,0,19,46,22
"621099","LEG4_John_Moolenaar","2020-04-28T00:00:00.000Z",10,41,0,0,0,59
"621100","LEG4_John_Moolenaar","2020-04-29T00:00:00.000Z",14,5,7,17,13,58
"621101","LEG4_John_Moolenaar","2020-04-30T00:00:00.000Z",11,29,5,12,22,33
"621102","LEG4_John_Moolenaar","2020-05-01T00:00:00.000Z",11,33,11,7,0,48
"621103","LEG4_John_Moolenaar","2020-05-02T00:00:00.000Z",9,17,12,10,38,24
"621104","LEG4_John_Moolenaar","2020-05-03T00:00:00.000Z",7,48,39,0,0,12
"621105","LEG4_John_Moolenaar","2020-05-04T00:00:00.000Z",8,0,0,21,12,67
"621106","LEG4_John_Moolenaar","2020-05-05T00:00:00.000Z",16,7,12,0,13,67
"621107","LEG4_John_Moolenaar","2020-05-06T00:00:00.000Z",11,25,14,25,6,30
"621108","LEG4_John_Moolenaar","2020-05-07T00:00:00.000Z",7,39,28,10,0,23
"621109","LEG4_John_Moolenaar","2020-05-08T00:00:00.000Z",13,17,17,8,6,51
"621110","LEG4_John_Moolenaar","2020-05-09T00:00:00.000Z",16,9,4,23,6,58
"621111","LEG4_John_Moolenaar","2020-05-10T00:00:00.000Z",4,35,23,0,0,42
"621112","LEG4_John_Moolenaar","2020-05-11T00:00:00.000Z",12,39,6,6,0,50
"621113","LEG4_John_Moolenaar","2020-05-12T00:00:00.000Z",12,62,5,4,0,30
"621114","LEG4_John_Moolenaar","2020-05-13T00:00:00.000Z",17,11,10,16,9,54
"621115","LEG4_John_Moolenaar","2020-05-14T00:00:00.000Z",8,19,18,31,0,32
"621116","LEG4_John_Moolenaar","2020-05-15T00:00:00.000Z",11,0,10,42,0,48
"621117","LEG4_John_Moolenaar","2020-05-16T00:00:00.000Z",6,17,12,26,12,33
"621118","LEG4_John_Moolenaar","2020-05-17T00:00:00.000Z",15,31,17,4,13,35
"621119","LEG4_John_Moolenaar","2020-05-18T00:00:00.000Z",12,15,12,31,20,22
"621120","LEG4_John_Moolenaar","2020-05-19T00:00:00.000Z",8,38,6,27,0,30
"621121","LEG4_John_Moolenaar","2020-05-20T00:00:00.000Z",10,15,14,11,38,23
"621122","LEG4_John_Moolenaar","2020-05-21T00:00:00.000Z",10,30,0,20,9,41
"621123","LEG4_John_Moolenaar","2020-05-22T00:00:00.000Z",16,22,17,5,9,47
"621124","LEG4_John_Moolenaar","2020-05-23T00:00:00.000Z",6,10,0,18,22,50
"621125","LEG4_John_Moolenaar","2020-05-24T00:00:00.000Z",14,19,26,23,11,21
"621126","LEG4_John_Moolenaar","2020-05-25T00:00:00.000Z",7,11,14,0,0,75
"621127","LEG4_John_Moolenaar","2020-05-26T00:00:00.000Z",17,7,0,29,6,58
"621128","LEG4_John_Moolenaar","2020-05-27T00:00:00.000Z",8,43,0,18,0,40
"621129","LEG4_John_Moolenaar","2020-05-28T00:00:00.000Z",6,21,0,30,0,49
"621130","LEG4_John_Moolenaar","2020-05-29T00:00:00.000Z",14,19,6,28,14,33
"621131","LEG4_John_Moolenaar","2020-05-30T00:00:00.000Z",8,15,23,16,0,46
"621132","LEG4_John_Moolenaar","2020-05-31T00:00:00.000Z",15,28,0,15,0,57
"621133","LEG4_John_Moolenaar","2020-06-01T00:00:00.000Z",10,0,19,0,0,81
"621134","LEG4_John_Moolenaar","2020-06-02T00:00:00.000Z",11,18,20,12,14,36
"621135","LEG4_John_Moolenaar","2020-06-03T00:00:00.000Z",5,0,48,0,0,52
"621136","LEG4_John_Moolenaar","2020-06-04T00:00:00.000Z",9,14,0,23,37,27
"621137","LEG4_John_Moolenaar","2020-06-05T00:00:00.000Z",8,57,0,0,35,8
"621138","LEG4_John_Moolenaar","2020-06-06T00:00:00.000Z",11,6,7,6,0,81
"621139","LEG4_John_Moolenaar","2020-06-07T00:00:00.000Z",11,33,30,21,0,16
"621140","LEG4_John_Moolenaar","2020-06-08T00:00:00.000Z",16,23,12,12,12,41
"621141","LEG4_John_Moolenaar","2020-06-09T00:00:00.000Z",17,30,17,14,31,8
"621142","LEG4_John_Moolenaar","2020-06-10T00:00:00.000Z",10,7,0,0,17,76
"621143","LEG4_John_Moolenaar","2020-06-11T00:00:00.000Z",7,14,0,0,0,86
"621144","LEG4_John_Moolenaar","2020-06-12T00:00:00.000Z",21,5,13,17,4,62
"621145","LEG4_John_Moolenaar","2020-06-13T00:00:00.000Z",16,11,15,25,7,42
"621146","LEG4_John_Moolenaar","2020-06-14T00:00:00.000Z",18,6,19,13,6,56
"621147","LEG4_John_Moolenaar","2020-06-15T00:00:00.000Z",8,17,10,0,20,53
"621148","LEG4_John_Moolenaar","2020-06-16T00:00:00.000Z",6,26,24,13,0,36
"621149","LEG4_John_Moolenaar","2020-06-17T00:00:00.000Z",5,31,0,0,0,69
"621150","LEG4_John_Moolenaar","2020-06-18T00:00:00.000Z",11,40,6,0,30,24
"621151","LEG4_John_Moolenaar","2020-06-19T00:00:00.000Z",14,26,0,6,24,43
"621152","LEG4_John_Moolenaar","2020-06-20T00:00:00.000Z",12,4,10,6,8,72
"621153","LEG4_John_Moolenaar","2020-06-21T00:00:00.000Z",6,46,0,29,0,25
"621154","LEG4_John_Moolenaar","2020-06-22T00:00:00.000Z",16,14,14,30,16,27
"621155","LEG4_John_Moolenaar","2020-06-23T00:00:00.000Z",15,14,37,10,0,39
"621156","LEG4_John_Moolenaar","2020-06-24T00:00:00.000Z",11,30,29,0,15,26
"621157","LEG4_John_Moolenaar","2020-06-25T00:00:00.000Z",2,100,0,0,0,0
"621158","LEG4_John_Moolenaar","2020-06-26T00:00:00.000Z",8,17,0,16,0,68
"621159","LEG4_John_Moolenaar","2020-06-27T00:00:00.000Z",7,0,11,0,7,82
"621160","LEG4_John_Moolenaar","2020-06-28T00:00:00.000Z",14,31,19,9,12,29
"621161","LEG4_John_Moolenaar","2020-06-29T00:00:00.000Z",21,41,3,0,25,31
"621162","LEG4_John_Moolenaar","2020-06-30T00:00:00.000Z",16,31,11,4,21,32
"621163","LEG4_John_Moolenaar","2020-07-01T00:00:00.000Z",7,16,20,9,34,21
"621164","LEG4_John_Moolenaar","2020-07-02T00:00:00.000Z",11,24,16,26,0,35
"621165","LEG4_John_Moolenaar","2020-07-03T00:00:00.000Z",13,24,5,11,43,18
"621166","LEG4_John_Moolenaar","2020-07-04T00:00:00.000Z",10,14,7,7,8,64
"621167","LEG4_John_Moolenaar","2020-07-05T00:00:00.000Z",11,15,9,15,6,54
"621168","LEG4_John_Moolenaar","2020-07-06T00:00:00.000Z",10,48,7,12,6,28
"621169","LEG4_John_Moolenaar","2020-07-07T00:00:00.000Z",12,40,6,8,8,38
"621170","LEG4_John_Moolenaar","2020-07-08T00:00:00.000Z",9,24,9,5,0,62
"621171","LEG4_John_Moolenaar","2020-07-09T00:00:00.000Z",12,6,6,0,15,72
"621172","LEG4_John_Moolenaar","2020-07-10T00:00:00.000Z",9,5,36,10,0,48
"621173","LEG4_John_Moolenaar","2020-07-11T00:00:00.000Z",4,13,0,38,0,49
"621174","LEG4_John_Moolenaar","2020-07-12T00:00:00.000Z",7,39,14,0,0,47
"621175","LEG4_John_Moolenaar","2020-07-13T00:00:00.000Z",10,17,9,45,29,0
"621176","LEG4_John_Moolenaar","2020-07-14T00:00:00.000Z",10,38,31,0,0,31
"621177","LEG4_John_Moolenaar","2020-07-15T00:00:00.000Z",14,33,17,0,18,32
"621178","LEG4_John_Moolenaar","2020-07-16T00:00:00.000Z",12,11,13,11,10,55
"621179","LEG4_John_Moolenaar","2020-07-17T00:00:00.000Z",12,7,0,11,37,45
"621180","LEG4_John_Moolenaar","2020-07-18T00:00:00.000Z",16,3,22,15,48,12
"621181","LEG4_John_Moolenaar","2020-07-19T00:00:00.000Z",6,11,0,0,16,74
"621182","LEG4_John_Moolenaar","2020-07-20T00:00:00.000Z",15,8,22,22,5,44
